step,tag
1000,reward,1,-687.7955380833829,-687.796,P3O-dyn+EvtSBP+AdaReset+HardDistill,HalfCheetah-v4,1
2000,reward,2,-624.8551370396575,-656.325,P3O-dyn+EvtSBP+AdaReset+HardDistill,HalfCheetah-v4,1
3000,reward,3,-594.4689296439012,-635.707,P3O-dyn+EvtSBP+AdaReset+HardDistill,HalfCheetah-v4,1
4000,reward,4,-585.6965364077588,-623.204,P3O-dyn+EvtSBP+AdaReset+HardDistill,HalfCheetah-v4,1
5000,reward,5,-639.1908167749506,-626.401,P3O-dyn+EvtSBP+AdaReset+HardDistill,HalfCheetah-v4,1
6000,reward,6,-663.9507110285858,-632.66,P3O-dyn+EvtSBP+AdaReset+HardDistill,HalfCheetah-v4,1
7000,reward,7,-630.1353544567996,-632.299,P3O-dyn+EvtSBP+AdaReset+HardDistill,HalfCheetah-v4,1
8000,reward,8,-554.0325984855461,-622.516,P3O-dyn+EvtSBP+AdaReset+HardDistill,HalfCheetah-v4,1
8192,loss,-0.10641855001449585,0.6293233633041382,P3O-dyn+EvtSBP+AdaReset+HardDistill,HalfCheetah-v4,1
9000,reward,9,-720.6002109716088,-633.414,P3O-dyn+EvtSBP+AdaReset+HardDistill,HalfCheetah-v4,1
10000,speed,1869.8,0.09,P3O-dyn+EvtSBP+AdaReset+HardDistill,HalfCheetah-v4,1
10000,reward,10,-577.7321771153936,-627.846,P3O-dyn+EvtSBP+AdaReset+HardDistill,HalfCheetah-v4,1
11000,reward,11,-709.5027550798105,-630.017,P3O-dyn+EvtSBP+AdaReset+HardDistill,HalfCheetah-v4,1
12000,reward,12,-712.5944904362982,-638.79,P3O-dyn+EvtSBP+AdaReset+HardDistill,HalfCheetah-v4,1
13000,reward,13,-656.7590774205102,-645.019,P3O-dyn+EvtSBP+AdaReset+HardDistill,HalfCheetah-v4,1
14000,reward,14,-681.6327504751175,-654.613,P3O-dyn+EvtSBP+AdaReset+HardDistill,HalfCheetah-v4,1
15000,reward,15,-705.6878981858409,-661.263,P3O-dyn+EvtSBP+AdaReset+HardDistill,HalfCheetah-v4,1
16000,reward,16,-700.9760190604077,-664.965,P3O-dyn+EvtSBP+AdaReset+HardDistill,HalfCheetah-v4,1
16384,loss,-0.08890940248966217,0.6161288619041443,P3O-dyn+EvtSBP+AdaReset+HardDistill,HalfCheetah-v4,1
17000,reward,17,-650.716296948783,-667.023,P3O-dyn+EvtSBP+AdaReset+HardDistill,HalfCheetah-v4,1
18000,reward,18,-705.995065159431,-682.22,P3O-dyn+EvtSBP+AdaReset+HardDistill,HalfCheetah-v4,1
19000,reward,19,-745.9403558756887,-684.754,P3O-dyn+EvtSBP+AdaReset+HardDistill,HalfCheetah-v4,1
20000,speed,2002.42,0.17,P3O-dyn+EvtSBP+AdaReset+HardDistill,HalfCheetah-v4,1
20000,reward,20,-679.6505446126903,-694.946,P3O-dyn+EvtSBP+AdaReset+HardDistill,HalfCheetah-v4,1
21000,reward,21,-722.1398195295216,-696.209,P3O-dyn+EvtSBP+AdaReset+HardDistill,HalfCheetah-v4,1
22000,reward,22,-691.3143003407146,-694.081,P3O-dyn+EvtSBP+AdaReset+HardDistill,HalfCheetah-v4,1
23000,reward,23,-664.4986842143134,-694.855,P3O-dyn+EvtSBP+AdaReset+HardDistill,HalfCheetah-v4,1
24000,reward,24,-706.7635281572205,-697.368,P3O-dyn+EvtSBP+AdaReset+HardDistill,HalfCheetah-v4,1
24576,loss,-0.07049816846847534,1.160829782485962,P3O-dyn+EvtSBP+AdaReset+HardDistill,HalfCheetah-v4,1
25000,reward,25,-494.4228607074425,-676.242,P3O-dyn+EvtSBP+AdaReset+HardDistill,HalfCheetah-v4,1
26000,reward,26,-688.1735960683776,-674.962,P3O-dyn+EvtSBP+AdaReset+HardDistill,HalfCheetah-v4,1
27000,reward,27,-726.9709978922247,-682.587,P3O-dyn+EvtSBP+AdaReset+HardDistill,HalfCheetah-v4,1
28000,reward,28,-636.4929355260296,-675.637,P3O-dyn+EvtSBP+AdaReset+HardDistill,HalfCheetah-v4,1
29000,reward,29,-655.3298690705398,-666.576,P3O-dyn+EvtSBP+AdaReset+HardDistill,HalfCheetah-v4,1
30000,speed,1951.42,0.26,P3O-dyn+EvtSBP+AdaReset+HardDistill,HalfCheetah-v4,1
30000,reward,30,-775.023424611142,-676.113,P3O-dyn+EvtSBP+AdaReset+HardDistill,HalfCheetah-v4,1
31000,reward,31,-637.5684858780186,-667.656,P3O-dyn+EvtSBP+AdaReset+HardDistill,HalfCheetah-v4,1
32000,reward,32,-695.2956218853801,-668.054,P3O-dyn+EvtSBP+AdaReset+HardDistill,HalfCheetah-v4,1
32768,loss,-0.06466777622699738,1.3375869989395142,P3O-dyn+EvtSBP+AdaReset+HardDistill,HalfCheetah-v4,1
33000,reward,33,-720.259398663328,-673.63,P3O-dyn+EvtSBP+AdaReset+HardDistill,HalfCheetah-v4,1
34000,reward,34,-675.5114138701373,-670.505,P3O-dyn+EvtSBP+AdaReset+HardDistill,HalfCheetah-v4,1
35000,reward,35,-820.8285579709147,-703.145,P3O-dyn+EvtSBP+AdaReset+HardDistill,HalfCheetah-v4,1
36000,reward,36,-635.840409385034,-697.912,P3O-dyn+EvtSBP+AdaReset+HardDistill,HalfCheetah-v4,1
37000,reward,37,-715.1572428853761,-696.731,P3O-dyn+EvtSBP+AdaReset+HardDistill,HalfCheetah-v4,1
38000,reward,38,-758.9645961384929,-708.978,P3O-dyn+EvtSBP+AdaReset+HardDistill,HalfCheetah-v4,1
39000,reward,39,-1008.2700701473416,-744.272,P3O-dyn+EvtSBP+AdaReset+HardDistill,HalfCheetah-v4,1
40000,speed,1939.77,0.34,P3O-dyn+EvtSBP+AdaReset+HardDistill,HalfCheetah-v4,1
40000,reward,40,-703.57881891214,-737.127,P3O-dyn+EvtSBP+AdaReset+HardDistill,HalfCheetah-v4,1
40960,loss,-0.06547779589891434,1.7747843265533447,P3O-dyn+EvtSBP+AdaReset+HardDistill,HalfCheetah-v4,1
41000,reward,41,-806.0598380695756,-753.977,P3O-dyn+EvtSBP+AdaReset+HardDistill,HalfCheetah-v4,1
42000,reward,42,-711.7714713293365,-755.624,P3O-dyn+EvtSBP+AdaReset+HardDistill,HalfCheetah-v4,1
43000,reward,43,-738.1286086334786,-757.411,P3O-dyn+EvtSBP+AdaReset+HardDistill,HalfCheetah-v4,1
44000,reward,44,-601.0927225030723,-749.969,P3O-dyn+EvtSBP+AdaReset+HardDistill,HalfCheetah-v4,1
45000,reward,45,-696.0623585442428,-737.493,P3O-dyn+EvtSBP+AdaReset+HardDistill,HalfCheetah-v4,1
46000,reward,46,-744.6858646550079,-748.377,P3O-dyn+EvtSBP+AdaReset+HardDistill,HalfCheetah-v4,1
47000,reward,47,-671.7312902132685,-744.035,P3O-dyn+EvtSBP+AdaReset+HardDistill,HalfCheetah-v4,1
48000,reward,48,-737.0097582148958,-741.839,P3O-dyn+EvtSBP+AdaReset+HardDistill,HalfCheetah-v4,1
49000,reward,49,-659.6872059031547,-706.981,P3O-dyn+EvtSBP+AdaReset+HardDistill,HalfCheetah-v4,1
49152,loss,-0.06902265548706055,2.056870698928833,P3O-dyn+EvtSBP+AdaReset+HardDistill,HalfCheetah-v4,1
50000,speed,2138.59,0.42,P3O-dyn+EvtSBP+AdaReset+HardDistill,HalfCheetah-v4,1
50000,reward,50,-713.4939669076406,-707.972,P3O-dyn+EvtSBP+AdaReset+HardDistill,HalfCheetah-v4,1
51000,reward,51,-712.032438161819,-698.57,P3O-dyn+EvtSBP+AdaReset+HardDistill,HalfCheetah-v4,1
52000,reward,52,-755.63659253316,-702.956,P3O-dyn+EvtSBP+AdaReset+HardDistill,HalfCheetah-v4,1
53000,reward,53,-671.7356025648095,-696.317,P3O-dyn+EvtSBP+AdaReset+HardDistill,HalfCheetah-v4,1
54000,reward,54,-782.474021901037,-714.455,P3O-dyn+EvtSBP+AdaReset+HardDistill,HalfCheetah-v4,1
55000,reward,55,-745.7184243172883,-719.421,P3O-dyn+EvtSBP+AdaReset+HardDistill,HalfCheetah-v4,1
56000,reward,56,-607.4875296467569,-705.701,P3O-dyn+EvtSBP+AdaReset+HardDistill,HalfCheetah-v4,1
57000,reward,57,-826.1240428566695,-721.14,P3O-dyn+EvtSBP+AdaReset+HardDistill,HalfCheetah-v4,1
57344,loss,-0.06149182841181755,2.9579379558563232,P3O-dyn+EvtSBP+AdaReset+HardDistill,HalfCheetah-v4,1
58000,reward,58,-580.3125158079159,-705.47,P3O-dyn+EvtSBP+AdaReset+HardDistill,HalfCheetah-v4,1
59000,reward,59,-647.9067714480235,-704.292,P3O-dyn+EvtSBP+AdaReset+HardDistill,HalfCheetah-v4,1
60000,speed,1882.38,0.51,P3O-dyn+EvtSBP+AdaReset+HardDistill,HalfCheetah-v4,1
60000,reward,60,-781.9020698762639,-711.133,P3O-dyn+EvtSBP+AdaReset+HardDistill,HalfCheetah-v4,1
61000,reward,61,-683.6060962006242,-708.29,P3O-dyn+EvtSBP+AdaReset+HardDistill,HalfCheetah-v4,1
62000,reward,62,-766.6689289268961,-709.394,P3O-dyn+EvtSBP+AdaReset+HardDistill,HalfCheetah-v4,1
63000,reward,63,-771.9255966677108,-719.413,P3O-dyn+EvtSBP+AdaReset+HardDistill,HalfCheetah-v4,1
64000,reward,64,-689.8800379897386,-710.153,P3O-dyn+EvtSBP+AdaReset+HardDistill,HalfCheetah-v4,1
65000,reward,65,-680.2187223847206,-703.603,P3O-dyn+EvtSBP+AdaReset+HardDistill,HalfCheetah-v4,1
65536,loss,-0.06819994002580643,3.06331205368042,P3O-dyn+EvtSBP+AdaReset+HardDistill,HalfCheetah-v4,1
66000,reward,66,-726.1835289292044,-715.473,P3O-dyn+EvtSBP+AdaReset+HardDistill,HalfCheetah-v4,1
67000,reward,67,-432.2107639432433,-676.082,P3O-dyn+EvtSBP+AdaReset+HardDistill,HalfCheetah-v4,1
68000,reward,68,-674.4927829359424,-685.5,P3O-dyn+EvtSBP+AdaReset+HardDistill,HalfCheetah-v4,1
69000,reward,69,-656.8448311423042,-686.393,P3O-dyn+EvtSBP+AdaReset+HardDistill,HalfCheetah-v4,1
70000,speed,1902.01,0.6,P3O-dyn+EvtSBP+AdaReset+HardDistill,HalfCheetah-v4,1
70000,reward,70,-666.2107012894085,-674.824,P3O-dyn+EvtSBP+AdaReset+HardDistill,HalfCheetah-v4,1
71000,reward,71,-677.2162772502152,-674.185,P3O-dyn+EvtSBP+AdaReset+HardDistill,HalfCheetah-v4,1
72000,reward,72,-787.7673565222525,-676.295,P3O-dyn+EvtSBP+AdaReset+HardDistill,HalfCheetah-v4,1
73000,reward,73,-836.8381311505001,-682.786,P3O-dyn+EvtSBP+AdaReset+HardDistill,HalfCheetah-v4,1
73728,loss,-0.06268975138664246,3.972808361053467,P3O-dyn+EvtSBP+AdaReset+HardDistill,HalfCheetah-v4,1
73728,sbp,0.4,0.5775,0.5401,P3O-dyn+EvtSBP+AdaReset+HardDistill,HalfCheetah-v4,1,0.01306,1,1.117151,0.812988,0.044169,0.043185,8.492448,8.503395,0.374131,0.022785,0.001289,0.382364,0.0,0.0,0.001022,1,event,0.006855,0.025,0.540093,0.0,0.540093,0.006855,0.006855,0.006855,0.001216,0.001216,0.001216,0,0.0,0.0,0.0
74000,reward,74,-752.0456994732942,-689.003,P3O-dyn+EvtSBP+AdaReset+HardDistill,HalfCheetah-v4,1
75000,reward,75,-628.8745316087011,-683.868,P3O-dyn+EvtSBP+AdaReset+HardDistill,HalfCheetah-v4,1
76000,reward,76,-722.526428497817,-683.503,P3O-dyn+EvtSBP+AdaReset+HardDistill,HalfCheetah-v4,1
77000,reward,77,-802.7686423084377,-720.559,P3O-dyn+EvtSBP+AdaReset+HardDistill,HalfCheetah-v4,1
78000,reward,78,-729.1349233202599,-726.023,P3O-dyn+EvtSBP+AdaReset+HardDistill,HalfCheetah-v4,1
79000,reward,79,-903.1897722212359,-750.657,P3O-dyn+EvtSBP+AdaReset+HardDistill,HalfCheetah-v4,1
80000,speed,1950.57,0.68,P3O-dyn+EvtSBP+AdaReset+HardDistill,HalfCheetah-v4,1
80000,reward,80,-786.7031286151937,-762.706,P3O-dyn+EvtSBP+AdaReset+HardDistill,HalfCheetah-v4,1
81000,reward,81,-751.3086567030986,-770.116,P3O-dyn+EvtSBP+AdaReset+HardDistill,HalfCheetah-v4,1
81920,loss,-0.05733884125947952,4.0766282081604,P3O-dyn+EvtSBP+AdaReset+HardDistill,HalfCheetah-v4,1
82000,reward,82,-818.0711562332865,-773.146,P3O-dyn+EvtSBP+AdaReset+HardDistill,HalfCheetah-v4,1
83000,reward,83,-703.5656141746957,-759.819,P3O-dyn+EvtSBP+AdaReset+HardDistill,HalfCheetah-v4,1
84000,reward,84,-784.3127351828193,-763.046,P3O-dyn+EvtSBP+AdaReset+HardDistill,HalfCheetah-v4,1
85000,reward,85,-869.1154758729297,-787.07,P3O-dyn+EvtSBP+AdaReset+HardDistill,HalfCheetah-v4,1
86000,reward,86,-820.890966605048,-796.906,P3O-dyn+EvtSBP+AdaReset+HardDistill,HalfCheetah-v4,1
87000,reward,87,-774.3757908943377,-794.067,P3O-dyn+EvtSBP+AdaReset+HardDistill,HalfCheetah-v4,1
88000,reward,88,-566.12574013615,-777.766,P3O-dyn+EvtSBP+AdaReset+HardDistill,HalfCheetah-v4,1
89000,reward,89,-722.2727205003841,-759.674,P3O-dyn+EvtSBP+AdaReset+HardDistill,HalfCheetah-v4,1
90000,speed,1840.36,0.77,P3O-dyn+EvtSBP+AdaReset+HardDistill,HalfCheetah-v4,1
90000,reward,90,-724.6879793419382,-753.473,P3O-dyn+EvtSBP+AdaReset+HardDistill,HalfCheetah-v4,1
90112,loss,-0.05913112685084343,3.2923226356506348,P3O-dyn+EvtSBP+AdaReset+HardDistill,HalfCheetah-v4,1
91000,reward,91,-787.0675478677008,-757.049,P3O-dyn+EvtSBP+AdaReset+HardDistill,HalfCheetah-v4,1
92000,reward,92,-647.8475340777193,-740.026,P3O-dyn+EvtSBP+AdaReset+HardDistill,HalfCheetah-v4,1
93000,reward,93,-792.3371616302755,-748.903,P3O-dyn+EvtSBP+AdaReset+HardDistill,HalfCheetah-v4,1
93728,sbp,0.4,0.5697,0.5218,P3O-dyn+EvtSBP+AdaReset+HardDistill,HalfCheetah-v4,1,0.01386,1,1.228177,0.83075,0.043528,0.043124,8.489156,8.502833,0.478396,0.009356,0.001611,0.481992,1.129835,0.005212,0.000962,1,event,0.005419,0.025,0.521827,0.0,0.521827,0.005419,0.005419,0.005419,0.006103,0.006106,0.006104,0,0.0,0.0,0.0
94000,reward,94,-713.9929933670762,-741.871,P3O-dyn+EvtSBP+AdaReset+HardDistill,HalfCheetah-v4,1
95000,reward,95,-786.4011853988073,-733.6,P3O-dyn+EvtSBP+AdaReset+HardDistill,HalfCheetah-v4,1
96000,reward,96,-581.7434490361965,-709.685,P3O-dyn+EvtSBP+AdaReset+HardDistill,HalfCheetah-v4,1
97000,reward,97,-748.6405839127385,-707.112,P3O-dyn+EvtSBP+AdaReset+HardDistill,HalfCheetah-v4,1
98000,reward,98,-823.8327591917441,-732.882,P3O-dyn+EvtSBP+AdaReset+HardDistill,HalfCheetah-v4,1
98304,loss,-0.052653178572654724,3.3859424591064453,P3O-dyn+EvtSBP+AdaReset+HardDistill,HalfCheetah-v4,1
99000,reward,99,-638.6795983247799,-724.523,P3O-dyn+EvtSBP+AdaReset+HardDistill,HalfCheetah-v4,1
100000,speed,2036.39,0.86,P3O-dyn+EvtSBP+AdaReset+HardDistill,HalfCheetah-v4,1
100000,reward,100,-753.3506730463456,-727.389,P3O-dyn+EvtSBP+AdaReset+HardDistill,HalfCheetah-v4,1
101000,reward,101,-818.4669115169997,-730.529,P3O-dyn+EvtSBP+AdaReset+HardDistill,HalfCheetah-v4,1
102000,reward,102,-719.4838451594495,-737.693,P3O-dyn+EvtSBP+AdaReset+HardDistill,HalfCheetah-v4,1
103000,reward,103,-807.2036856885005,-739.18,P3O-dyn+EvtSBP+AdaReset+HardDistill,HalfCheetah-v4,1
104000,reward,104,-905.9306477948414,-758.373,P3O-dyn+EvtSBP+AdaReset+HardDistill,HalfCheetah-v4,1
105000,reward,105,-748.3518358734478,-754.568,P3O-dyn+EvtSBP+AdaReset+HardDistill,HalfCheetah-v4,1
106000,reward,106,-742.7253246132658,-770.667,P3O-dyn+EvtSBP+AdaReset+HardDistill,HalfCheetah-v4,1
106496,loss,-0.04755517467856407,3.3417842388153076,P3O-dyn+EvtSBP+AdaReset+HardDistill,HalfCheetah-v4,1
107000,reward,107,-711.3455991189247,-766.937,P3O-dyn+EvtSBP+AdaReset+HardDistill,HalfCheetah-v4,1
108000,reward,108,-795.6100720056465,-764.115,P3O-dyn+EvtSBP+AdaReset+HardDistill,HalfCheetah-v4,1
109000,reward,109,-716.7359015066448,-771.92,P3O-dyn+EvtSBP+AdaReset+HardDistill,HalfCheetah-v4,1
110000,speed,1934.53,0.94,P3O-dyn+EvtSBP+AdaReset+HardDistill,HalfCheetah-v4,1
110000,reward,110,-784.58252334344,-775.044,P3O-dyn+EvtSBP+AdaReset+HardDistill,HalfCheetah-v4,1
111000,reward,111,-1016.2951149947338,-794.826,P3O-dyn+EvtSBP+AdaReset+HardDistill,HalfCheetah-v4,1
112000,reward,112,-821.3507611099855,-805.013,P3O-dyn+EvtSBP+AdaReset+HardDistill,HalfCheetah-v4,1
113000,reward,113,-768.2441646160388,-801.117,P3O-dyn+EvtSBP+AdaReset+HardDistill,HalfCheetah-v4,1
113728,sbp,0.4,0.5594,0.5046,P3O-dyn+EvtSBP+AdaReset+HardDistill,HalfCheetah-v4,1,0.01426,1,1.311265,0.84738,0.040913,0.042856,8.485967,8.502228,0.547436,-0.045354,0.001916,0.531945,1.150149,0.007359,0.001561,1,event,0.007381,0.025,0.504645,0.0,0.504645,0.007381,0.007381,0.007381,0.005801,0.005805,0.005803,0,0.0,0.0,0.0
114000,reward,114,-818.6847145622883,-792.393,P3O-dyn+EvtSBP+AdaReset+HardDistill,HalfCheetah-v4,1
114688,loss,-0.047926366329193115,5.476466655731201,P3O-dyn+EvtSBP+AdaReset+HardDistill,HalfCheetah-v4,1
115000,reward,115,-654.0427357826849,-782.962,P3O-dyn+EvtSBP+AdaReset+HardDistill,HalfCheetah-v4,1
116000,reward,116,-745.8109942649556,-783.27,P3O-dyn+EvtSBP+AdaReset+HardDistill,HalfCheetah-v4,1
117000,reward,117,-739.7742731376593,-786.113,P3O-dyn+EvtSBP+AdaReset+HardDistill,HalfCheetah-v4,1
118000,reward,118,-863.8559340073829,-792.938,P3O-dyn+EvtSBP+AdaReset+HardDistill,HalfCheetah-v4,1
119000,reward,119,-716.3944249112222,-792.904,P3O-dyn+EvtSBP+AdaReset+HardDistill,HalfCheetah-v4,1
120000,speed,2028.94,1.02,P3O-dyn+EvtSBP+AdaReset+HardDistill,HalfCheetah-v4,1
120000,reward,120,-794.1496430531853,-793.86,P3O-dyn+EvtSBP+AdaReset+HardDistill,HalfCheetah-v4,1
121000,reward,121,-727.5570245077383,-764.986,P3O-dyn+EvtSBP+AdaReset+HardDistill,HalfCheetah-v4,1
122000,reward,122,-774.2027038687229,-760.272,P3O-dyn+EvtSBP+AdaReset+HardDistill,HalfCheetah-v4,1
122880,loss,-0.03966742753982544,3.2757625579833984,P3O-dyn+EvtSBP+AdaReset+HardDistill,HalfCheetah-v4,1
123000,reward,123,-780.5405583881455,-761.501,P3O-dyn+EvtSBP+AdaReset+HardDistill,HalfCheetah-v4,1
124000,reward,124,-759.0514110884129,-755.538,P3O-dyn+EvtSBP+AdaReset+HardDistill,HalfCheetah-v4,1
125000,reward,125,-741.7392100426657,-764.308,P3O-dyn+EvtSBP+AdaReset+HardDistill,HalfCheetah-v4,1
126000,reward,126,-735.0232572498962,-763.229,P3O-dyn+EvtSBP+AdaReset+HardDistill,HalfCheetah-v4,1
127000,reward,127,-722.1139539346142,-761.463,P3O-dyn+EvtSBP+AdaReset+HardDistill,HalfCheetah-v4,1
128000,reward,128,-846.715806547849,-759.749,P3O-dyn+EvtSBP+AdaReset+HardDistill,HalfCheetah-v4,1
129000,reward,129,-735.9239960086741,-761.702,P3O-dyn+EvtSBP+AdaReset+HardDistill,HalfCheetah-v4,1
130000,speed,2255.06,1.1,P3O-dyn+EvtSBP+AdaReset+HardDistill,HalfCheetah-v4,1
130000,reward,130,-797.5885360358737,-762.046,P3O-dyn+EvtSBP+AdaReset+HardDistill,HalfCheetah-v4,1
131000,reward,131,-759.3598544955847,-765.226,P3O-dyn+EvtSBP+AdaReset+HardDistill,HalfCheetah-v4,1
131072,loss,-0.04722494259476662,4.1739397048950195,P3O-dyn+EvtSBP+AdaReset+HardDistill,HalfCheetah-v4,1
132000,reward,132,-913.6322263389236,-779.169,P3O-dyn+EvtSBP+AdaReset+HardDistill,HalfCheetah-v4,1
133000,reward,133,-727.957819525298,-773.911,P3O-dyn+EvtSBP+AdaReset+HardDistill,HalfCheetah-v4,1
133728,sbp,0.4,0.5461,0.4796,P3O-dyn+EvtSBP+AdaReset+HardDistill,HalfCheetah-v4,1,0.01489,1,1.46137,0.87776,0.035633,0.042226,8.481583,8.501266,0.664885,-0.156128,0.002321,0.610705,1.161033,0.014585,0.003165,1,event,0.013002,0.025,0.479647,0.0,0.479647,0.013002,0.013002,0.013002,0.004641,0.004644,0.004642,0,0.0,0.0,0.0
134000,reward,134,-715.5885398568738,-769.564,P3O-dyn+EvtSBP+AdaReset+HardDistill,HalfCheetah-v4,1
135000,reward,135,-739.8282836906518,-769.373,P3O-dyn+EvtSBP+AdaReset+HardDistill,HalfCheetah-v4,1
136000,reward,136,-792.6541259398552,-775.136,P3O-dyn+EvtSBP+AdaReset+HardDistill,HalfCheetah-v4,1
137000,reward,137,-744.5034400691559,-777.375,P3O-dyn+EvtSBP+AdaReset+HardDistill,HalfCheetah-v4,1
138000,reward,138,-581.5021420300501,-750.854,P3O-dyn+EvtSBP+AdaReset+HardDistill,HalfCheetah-v4,1
139000,reward,139,-778.9430228152033,-755.156,P3O-dyn+EvtSBP+AdaReset+HardDistill,HalfCheetah-v4,1
139264,loss,-0.060642849653959274,3.093968629837036,P3O-dyn+EvtSBP+AdaReset+HardDistill,HalfCheetah-v4,1
140000,speed,2052.49,1.18,P3O-dyn+EvtSBP+AdaReset+HardDistill,HalfCheetah-v4,1
140000,reward,140,-906.0214835565562,-765.999,P3O-dyn+EvtSBP+AdaReset+HardDistill,HalfCheetah-v4,1
141000,reward,141,-761.6524841870237,-766.228,P3O-dyn+EvtSBP+AdaReset+HardDistill,HalfCheetah-v4,1
142000,reward,142,-700.6283209865619,-744.928,P3O-dyn+EvtSBP+AdaReset+HardDistill,HalfCheetah-v4,1
143000,reward,143,-743.4828437025842,-746.48,P3O-dyn+EvtSBP+AdaReset+HardDistill,HalfCheetah-v4,1
144000,reward,144,-832.5778493034057,-758.179,P3O-dyn+EvtSBP+AdaReset+HardDistill,HalfCheetah-v4,1
145000,reward,145,-824.1613478602615,-766.613,P3O-dyn+EvtSBP+AdaReset+HardDistill,HalfCheetah-v4,1
146000,reward,146,-801.5719717267343,-767.504,P3O-dyn+EvtSBP+AdaReset+HardDistill,HalfCheetah-v4,1
147000,reward,147,-734.1266426352613,-766.467,P3O-dyn+EvtSBP+AdaReset+HardDistill,HalfCheetah-v4,1
147456,loss,-0.04891161620616913,2.6574151515960693,P3O-dyn+EvtSBP+AdaReset+HardDistill,HalfCheetah-v4,1
148000,reward,148,-742.413601516796,-782.558,P3O-dyn+EvtSBP+AdaReset+HardDistill,HalfCheetah-v4,1
149000,reward,149,-798.0858669689005,-784.472,P3O-dyn+EvtSBP+AdaReset+HardDistill,HalfCheetah-v4,1
150000,speed,1944.3,1.26,P3O-dyn+EvtSBP+AdaReset+HardDistill,HalfCheetah-v4,1
150000,reward,150,-795.6066085468619,-773.431,P3O-dyn+EvtSBP+AdaReset+HardDistill,HalfCheetah-v4,1
151000,reward,151,-921.0727508610989,-789.373,P3O-dyn+EvtSBP+AdaReset+HardDistill,HalfCheetah-v4,1
152000,reward,152,-768.4522222881862,-796.155,P3O-dyn+EvtSBP+AdaReset+HardDistill,HalfCheetah-v4,1
153000,reward,153,-738.8955984463778,-795.696,P3O-dyn+EvtSBP+AdaReset+HardDistill,HalfCheetah-v4,1
153728,sbp,0.4,0.5294,0.4642,P3O-dyn+EvtSBP+AdaReset+HardDistill,HalfCheetah-v4,1,0.01469,1,1.470643,0.890367,0.033978,0.041918,8.479083,8.500613,0.651726,-0.189404,0.002539,0.585942,1.142403,0.008035,0.001787,1,event,0.008078,0.025,0.464234,0.0,0.464234,0.008078,0.008078,0.008078,0.006433,0.006437,0.006435,0,0.0,0.0,0.0
154000,reward,154,-787.246868747449,-791.163,P3O-dyn+EvtSBP+AdaReset+HardDistill,HalfCheetah-v4,1
155000,reward,155,-762.7053742761519,-785.018,P3O-dyn+EvtSBP+AdaReset+HardDistill,HalfCheetah-v4,1
155648,loss,-0.06528082489967346,2.187701940536499,P3O-dyn+EvtSBP+AdaReset+HardDistill,HalfCheetah-v4,1
156000,reward,156,-836.8999018881962,-788.551,P3O-dyn+EvtSBP+AdaReset+HardDistill,HalfCheetah-v4,1
157000,reward,157,-596.6734214598868,-774.805,P3O-dyn+EvtSBP+AdaReset+HardDistill,HalfCheetah-v4,1
158000,reward,158,-715.9766963276522,-772.162,P3O-dyn+EvtSBP+AdaReset+HardDistill,HalfCheetah-v4,1
159000,reward,159,-829.0857341105524,-775.262,P3O-dyn+EvtSBP+AdaReset+HardDistill,HalfCheetah-v4,1
160000,speed,2106.77,1.34,P3O-dyn+EvtSBP+AdaReset+HardDistill,HalfCheetah-v4,1
160000,reward,160,-951.3340431744944,-790.834,P3O-dyn+EvtSBP+AdaReset+HardDistill,HalfCheetah-v4,1
161000,reward,161,-809.3551213579232,-779.662,P3O-dyn+EvtSBP+AdaReset+HardDistill,HalfCheetah-v4,1
162000,reward,162,-720.6088676637148,-774.878,P3O-dyn+EvtSBP+AdaReset+HardDistill,HalfCheetah-v4,1
163000,reward,163,-700.3781638457223,-771.026,P3O-dyn+EvtSBP+AdaReset+HardDistill,HalfCheetah-v4,1
163840,loss,-0.06032678112387657,3.1919939517974854,P3O-dyn+EvtSBP+AdaReset+HardDistill,HalfCheetah-v4,1
164000,reward,164,-689.8828999086157,-761.29,P3O-dyn+EvtSBP+AdaReset+HardDistill,HalfCheetah-v4,1
165000,reward,165,-734.6288266023097,-758.482,P3O-dyn+EvtSBP+AdaReset+HardDistill,HalfCheetah-v4,1
166000,reward,166,-747.3727410717362,-749.53,P3O-dyn+EvtSBP+AdaReset+HardDistill,HalfCheetah-v4,1
167000,reward,167,-754.8906605496036,-765.351,P3O-dyn+EvtSBP+AdaReset+HardDistill,HalfCheetah-v4,1
168000,reward,168,-828.9475325693998,-776.648,P3O-dyn+EvtSBP+AdaReset+HardDistill,HalfCheetah-v4,1
169000,reward,169,-703.6877583345649,-764.109,P3O-dyn+EvtSBP+AdaReset+HardDistill,HalfCheetah-v4,1
170000,speed,2585.16,1.41,P3O-dyn+EvtSBP+AdaReset+HardDistill,HalfCheetah-v4,1
170000,reward,170,-751.4623248560954,-744.121,P3O-dyn+EvtSBP+AdaReset+HardDistill,HalfCheetah-v4,1
171000,reward,171,-774.6364935115068,-740.65,P3O-dyn+EvtSBP+AdaReset+HardDistill,HalfCheetah-v4,1
172000,reward,172,-974.6590029423918,-766.055,P3O-dyn+EvtSBP+AdaReset+HardDistill,HalfCheetah-v4,1
172032,loss,-0.04434606432914734,2.835099458694458,P3O-dyn+EvtSBP+AdaReset+HardDistill,HalfCheetah-v4,1
173000,reward,173,-855.6449692045744,-781.581,P3O-dyn+EvtSBP+AdaReset+HardDistill,HalfCheetah-v4,1
173728,sbp,0.4,0.5089,0.4466,P3O-dyn+EvtSBP+AdaReset+HardDistill,HalfCheetah-v4,1,0.01442,1,1.472903,0.907734,0.033143,0.041601,8.475674,8.499602,0.622615,-0.203312,0.002823,0.552021,1.152555,0.005439,0.001022,1,event,0.005391,0.025,0.446589,0.0,0.446589,0.005391,0.005391,0.005391,0.006048,0.006052,0.00605,0,0.0,0.0,0.0
174000,reward,174,-740.7615635399695,-786.669,P3O-dyn+EvtSBP+AdaReset+HardDistill,HalfCheetah-v4,1
175000,reward,175,-1082.5171810602312,-821.458,P3O-dyn+EvtSBP+AdaReset+HardDistill,HalfCheetah-v4,1
176000,reward,176,-810.9489586656781,-827.816,P3O-dyn+EvtSBP+AdaReset+HardDistill,HalfCheetah-v4,1
177000,reward,177,-783.7574964066315,-830.702,P3O-dyn+EvtSBP+AdaReset+HardDistill,HalfCheetah-v4,1
178000,reward,178,-795.6827731278476,-827.376,P3O-dyn+EvtSBP+AdaReset+HardDistill,HalfCheetah-v4,1
179000,reward,179,-875.2739229499416,-844.534,P3O-dyn+EvtSBP+AdaReset+HardDistill,HalfCheetah-v4,1
180000,speed,2791.86,1.47,P3O-dyn+EvtSBP+AdaReset+HardDistill,HalfCheetah-v4,1
180000,reward,180,-958.128644321308,-865.201,P3O-dyn+EvtSBP+AdaReset+HardDistill,HalfCheetah-v4,1
180224,loss,-0.04152332991361618,3.492504119873047,P3O-dyn+EvtSBP+AdaReset+HardDistill,HalfCheetah-v4,1
181000,reward,181,-859.9782943668858,-873.735,P3O-dyn+EvtSBP+AdaReset+HardDistill,HalfCheetah-v4,1
182000,reward,182,-911.4823030747093,-867.418,P3O-dyn+EvtSBP+AdaReset+HardDistill,HalfCheetah-v4,1
183000,reward,183,-783.8098575977752,-860.234,P3O-dyn+EvtSBP+AdaReset+HardDistill,HalfCheetah-v4,1
184000,reward,184,-874.5305857842669,-873.611,P3O-dyn+EvtSBP+AdaReset+HardDistill,HalfCheetah-v4,1
185000,reward,185,-755.9883427341215,-840.958,P3O-dyn+EvtSBP+AdaReset+HardDistill,HalfCheetah-v4,1
186000,reward,186,-707.6076274269981,-830.624,P3O-dyn+EvtSBP+AdaReset+HardDistill,HalfCheetah-v4,1
187000,reward,187,-806.3423492794163,-832.882,P3O-dyn+EvtSBP+AdaReset+HardDistill,HalfCheetah-v4,1
188000,reward,188,-824.0223816220902,-835.716,P3O-dyn+EvtSBP+AdaReset+HardDistill,HalfCheetah-v4,1
188416,loss,-0.03076925128698349,4.1151041984558105,P3O-dyn+EvtSBP+AdaReset+HardDistill,HalfCheetah-v4,1
189000,reward,189,-622.9740859542178,-810.486,P3O-dyn+EvtSBP+AdaReset+HardDistill,HalfCheetah-v4,1
190000,speed,2809.03,1.53,P3O-dyn+EvtSBP+AdaReset+HardDistill,HalfCheetah-v4,1
190000,reward,190,-838.0202046835,-798.476,P3O-dyn+EvtSBP+AdaReset+HardDistill,HalfCheetah-v4,1
191000,reward,191,-804.2284920549705,-792.901,P3O-dyn+EvtSBP+AdaReset+HardDistill,HalfCheetah-v4,1
192000,reward,192,-826.5727717109085,-784.41,P3O-dyn+EvtSBP+AdaReset+HardDistill,HalfCheetah-v4,1
193000,reward,193,-760.1600178241627,-782.045,P3O-dyn+EvtSBP+AdaReset+HardDistill,HalfCheetah-v4,1
193728,sbp,0.4,0.4844,0.4206,P3O-dyn+EvtSBP+AdaReset+HardDistill,HalfCheetah-v4,1,0.01434,1,1.511534,0.922905,0.029886,0.041095,8.473981,8.498948,0.6378,-0.272745,0.002946,0.542928,1.245691,0.008337,0.00161,1,event,0.007968,0.025,0.420629,0.0,0.420629,0.007968,0.007968,0.007968,0.005477,0.00548,0.005478,0,0.0,0.0,0.0
194000,reward,194,-774.0341389766587,-771.995,P3O-dyn+EvtSBP+AdaReset+HardDistill,HalfCheetah-v4,1
195000,reward,195,-801.1733973212368,-776.514,P3O-dyn+EvtSBP+AdaReset+HardDistill,HalfCheetah-v4,1
196000,reward,196,-837.1204594780633,-789.465,P3O-dyn+EvtSBP+AdaReset+HardDistill,HalfCheetah-v4,1
196608,loss,-0.027535757049918175,3.765545129776001,P3O-dyn+EvtSBP+AdaReset+HardDistill,HalfCheetah-v4,1
197000,reward,197,-690.9058406213828,-777.921,P3O-dyn+EvtSBP+AdaReset+HardDistill,HalfCheetah-v4,1
198000,reward,198,-833.0551335446995,-778.824,P3O-dyn+EvtSBP+AdaReset+HardDistill,HalfCheetah-v4,1
199000,reward,199,-844.0352399487148,-800.931,P3O-dyn+EvtSBP+AdaReset+HardDistill,HalfCheetah-v4,1
200000,speed,2873.58,1.59,P3O-dyn+EvtSBP+AdaReset+HardDistill,HalfCheetah-v4,1
200000,reward,200,-734.1551286244842,-790.544,P3O-dyn+EvtSBP+AdaReset+HardDistill,HalfCheetah-v4,1
201000,reward,201,-785.9650818553362,-788.718,P3O-dyn+EvtSBP+AdaReset+HardDistill,HalfCheetah-v4,1
202000,reward,202,-891.4801254591965,-795.208,P3O-dyn+EvtSBP+AdaReset+HardDistill,HalfCheetah-v4,1
203000,reward,203,-816.4076530442871,-800.833,P3O-dyn+EvtSBP+AdaReset+HardDistill,HalfCheetah-v4,1
204000,reward,204,-939.7838684108696,-817.408,P3O-dyn+EvtSBP+AdaReset+HardDistill,HalfCheetah-v4,1
204800,loss,-0.02039559930562973,4.637382507324219,P3O-dyn+EvtSBP+AdaReset+HardDistill,HalfCheetah-v4,1
205000,reward,205,-865.495064415783,-823.84,P3O-dyn+EvtSBP+AdaReset+HardDistill,HalfCheetah-v4,1
206000,reward,206,-835.8082167425569,-823.709,P3O-dyn+EvtSBP+AdaReset+HardDistill,HalfCheetah-v4,1
207000,reward,207,-786.3108427019489,-833.25,P3O-dyn+EvtSBP+AdaReset+HardDistill,HalfCheetah-v4,1
208000,reward,208,-909.2015306356643,-840.864,P3O-dyn+EvtSBP+AdaReset+HardDistill,HalfCheetah-v4,1
209000,reward,209,-881.9506328868745,-844.656,P3O-dyn+EvtSBP+AdaReset+HardDistill,HalfCheetah-v4,1
210000,speed,2818.54,1.64,P3O-dyn+EvtSBP+AdaReset+HardDistill,HalfCheetah-v4,1
210000,reward,210,-885.2615234256643,-859.766,P3O-dyn+EvtSBP+AdaReset+HardDistill,HalfCheetah-v4,1
211000,reward,211,-913.6916778594633,-872.539,P3O-dyn+EvtSBP+AdaReset+HardDistill,HalfCheetah-v4,1
212000,reward,212,-836.7491028579338,-867.066,P3O-dyn+EvtSBP+AdaReset+HardDistill,HalfCheetah-v4,1
212992,loss,-0.04760342463850975,3.129572629928589,P3O-dyn+EvtSBP+AdaReset+HardDistill,HalfCheetah-v4,1
213000,reward,213,-912.4559428009334,-876.671,P3O-dyn+EvtSBP+AdaReset+HardDistill,HalfCheetah-v4,1
213728,sbp,0.4,0.4565,0.3929,P3O-dyn+EvtSBP+AdaReset+HardDistill,HalfCheetah-v4,1,0.01401,1,1.544618,0.944261,0.0246,0.04018,8.471923,8.497983,0.635796,-0.387744,0.003076,0.500701,1.168562,0.014027,0.002699,1,event,0.014015,0.025,0.39288,0.0,0.39288,0.014015,0.014015,0.014015,0.005106,0.005109,0.005108,0,0.0,0.0,0.0
214000,reward,214,-902.0650124647849,-872.899,P3O-dyn+EvtSBP+AdaReset+HardDistill,HalfCheetah-v4,1
215000,reward,215,-805.7512452671112,-866.925,P3O-dyn+EvtSBP+AdaReset+HardDistill,HalfCheetah-v4,1
216000,reward,216,-904.1739720316798,-873.761,P3O-dyn+EvtSBP+AdaReset+HardDistill,HalfCheetah-v4,1
217000,reward,217,-759.2948177305192,-871.06,P3O-dyn+EvtSBP+AdaReset+HardDistill,HalfCheetah-v4,1
218000,reward,218,-711.526719092121,-851.292,P3O-dyn+EvtSBP+AdaReset+HardDistill,HalfCheetah-v4,1
219000,reward,219,-856.0467655387172,-848.702,P3O-dyn+EvtSBP+AdaReset+HardDistill,HalfCheetah-v4,1
220000,speed,2917.65,1.7,P3O-dyn+EvtSBP+AdaReset+HardDistill,HalfCheetah-v4,1
220000,reward,220,-777.8118136146435,-837.957,P3O-dyn+EvtSBP+AdaReset+HardDistill,HalfCheetah-v4,1
221000,reward,221,-914.990045764194,-838.087,P3O-dyn+EvtSBP+AdaReset+HardDistill,HalfCheetah-v4,1
221184,loss,-0.05951942503452301,2.2822461128234863,P3O-dyn+EvtSBP+AdaReset+HardDistill,HalfCheetah-v4,1
222000,reward,222,-877.7866105704486,-842.19,P3O-dyn+EvtSBP+AdaReset+HardDistill,HalfCheetah-v4,1
223000,reward,223,-796.0322435641311,-830.548,P3O-dyn+EvtSBP+AdaReset+HardDistill,HalfCheetah-v4,1
224000,reward,224,-748.4964309740941,-815.191,P3O-dyn+EvtSBP+AdaReset+HardDistill,HalfCheetah-v4,1
225000,reward,225,-823.3049151365207,-816.946,P3O-dyn+EvtSBP+AdaReset+HardDistill,HalfCheetah-v4,1
226000,reward,226,-789.7460766210343,-805.504,P3O-dyn+EvtSBP+AdaReset+HardDistill,HalfCheetah-v4,1
227000,reward,227,-908.078263164726,-820.382,P3O-dyn+EvtSBP+AdaReset+HardDistill,HalfCheetah-v4,1
228000,reward,228,-780.7670887394424,-827.306,P3O-dyn+EvtSBP+AdaReset+HardDistill,HalfCheetah-v4,1
229000,reward,229,-867.5931009537474,-828.461,P3O-dyn+EvtSBP+AdaReset+HardDistill,HalfCheetah-v4,1
229376,loss,-0.05956991761922836,3.1156039237976074,P3O-dyn+EvtSBP+AdaReset+HardDistill,HalfCheetah-v4,1
230000,speed,2797.25,1.76,P3O-dyn+EvtSBP+AdaReset+HardDistill,HalfCheetah-v4,1
230000,reward,230,-853.9786454606764,-836.077,P3O-dyn+EvtSBP+AdaReset+HardDistill,HalfCheetah-v4,1
231000,reward,231,-834.1840078727075,-827.997,P3O-dyn+EvtSBP+AdaReset+HardDistill,HalfCheetah-v4,1
232000,reward,232,-837.8832739484899,-824.006,P3O-dyn+EvtSBP+AdaReset+HardDistill,HalfCheetah-v4,1
233000,reward,233,-829.0040909200012,-827.304,P3O-dyn+EvtSBP+AdaReset+HardDistill,HalfCheetah-v4,1
233728,sbp,0.4,0.4259,0.3689,P3O-dyn+EvtSBP+AdaReset+HardDistill,HalfCheetah-v4,1,0.01357,1,1.492359,0.950763,0.025894,0.039998,8.470896,8.497357,0.569642,-0.352621,0.003124,0.44685,1.194454,0.010989,0.00225,1,event,0.010277,0.025,0.368925,0.0,0.368925,0.010277,0.010277,0.010277,0.004007,0.004009,0.004008,0,0.0,0.0,0.0
234000,reward,234,-753.9978550394014,-827.854,P3O-dyn+EvtSBP+AdaReset+HardDistill,HalfCheetah-v4,1
235000,reward,235,-861.1774326439075,-831.641,P3O-dyn+EvtSBP+AdaReset+HardDistill,HalfCheetah-v4,1
236000,reward,236,-840.690930829716,-836.735,P3O-dyn+EvtSBP+AdaReset+HardDistill,HalfCheetah-v4,1
237000,reward,237,-878.025245736262,-833.73,P3O-dyn+EvtSBP+AdaReset+HardDistill,HalfCheetah-v4,1
237568,loss,-0.06184249371290207,1.5487983226776123,P3O-dyn+EvtSBP+AdaReset+HardDistill,HalfCheetah-v4,1
238000,reward,238,-814.9308354453309,-837.147,P3O-dyn+EvtSBP+AdaReset+HardDistill,HalfCheetah-v4,1
239000,reward,239,-772.6590803849406,-827.653,P3O-dyn+EvtSBP+AdaReset+HardDistill,HalfCheetah-v4,1
240000,speed,2850.57,1.82,P3O-dyn+EvtSBP+AdaReset+HardDistill,HalfCheetah-v4,1
240000,reward,240,-829.6417612420311,-825.219,P3O-dyn+EvtSBP+AdaReset+HardDistill,HalfCheetah-v4,1
241000,reward,241,-834.5126170893683,-825.252,P3O-dyn+EvtSBP+AdaReset+HardDistill,HalfCheetah-v4,1
242000,reward,242,-923.0938572712125,-833.773,P3O-dyn+EvtSBP+AdaReset+HardDistill,HalfCheetah-v4,1
243000,reward,243,-933.9817280267905,-844.271,P3O-dyn+EvtSBP+AdaReset+HardDistill,HalfCheetah-v4,1
244000,reward,244,-866.1945553003935,-855.491,P3O-dyn+EvtSBP+AdaReset+HardDistill,HalfCheetah-v4,1
245000,reward,245,-914.4144601513882,-860.815,P3O-dyn+EvtSBP+AdaReset+HardDistill,HalfCheetah-v4,1
245760,loss,-0.05716546252369881,1.2196242809295654,P3O-dyn+EvtSBP+AdaReset+HardDistill,HalfCheetah-v4,1
246000,reward,246,-835.1284499427477,-860.258,P3O-dyn+EvtSBP+AdaReset+HardDistill,HalfCheetah-v4,1
247000,reward,247,-909.5304756124291,-863.409,P3O-dyn+EvtSBP+AdaReset+HardDistill,HalfCheetah-v4,1
248000,reward,248,-823.8326154375998,-864.299,P3O-dyn+EvtSBP+AdaReset+HardDistill,HalfCheetah-v4,1
249000,reward,249,-801.8691336368091,-867.22,P3O-dyn+EvtSBP+AdaReset+HardDistill,HalfCheetah-v4,1
250000,speed,2856.78,1.88,P3O-dyn+EvtSBP+AdaReset+HardDistill,HalfCheetah-v4,1
250000,reward,250,-798.4043556647445,-864.096,P3O-dyn+EvtSBP+AdaReset+HardDistill,HalfCheetah-v4,1
251000,reward,251,-806.7094039481922,-861.316,P3O-dyn+EvtSBP+AdaReset+HardDistill,HalfCheetah-v4,1
252000,reward,252,-853.9755604251696,-854.404,P3O-dyn+EvtSBP+AdaReset+HardDistill,HalfCheetah-v4,1
253000,reward,253,-798.7056788841118,-840.876,P3O-dyn+EvtSBP+AdaReset+HardDistill,HalfCheetah-v4,1
253728,sbp,0.4,0.394,0.3455,P3O-dyn+EvtSBP+AdaReset+HardDistill,HalfCheetah-v4,1,0.013,1,1.415859,0.953518,0.027331,0.03987,8.469858,8.496723,0.484879,-0.31449,0.003172,0.375442,1.262685,0.012044,0.002648,1,event,0.011642,0.025,0.345549,0.0,0.345549,0.011642,0.011642,0.011642,0.009424,0.00943,0.009427,0,0.0,0.0,0.0
253952,loss,-0.02343001961708069,3.169496774673462,P3O-dyn+EvtSBP+AdaReset+HardDistill,HalfCheetah-v4,1
254000,reward,254,-913.9543952749094,-845.652,P3O-dyn+EvtSBP+AdaReset+HardDistill,HalfCheetah-v4,1
255000,reward,255,-756.3948645006668,-829.85,P3O-dyn+EvtSBP+AdaReset+HardDistill,HalfCheetah-v4,1
256000,reward,256,-776.2828830585062,-823.966,P3O-dyn+EvtSBP+AdaReset+HardDistill,HalfCheetah-v4,1
257000,reward,257,-839.3070292727044,-816.944,P3O-dyn+EvtSBP+AdaReset+HardDistill,HalfCheetah-v4,1
258000,reward,258,-799.5624272982677,-814.517,P3O-dyn+EvtSBP+AdaReset+HardDistill,HalfCheetah-v4,1
259000,reward,259,-870.249106544231,-821.355,P3O-dyn+EvtSBP+AdaReset+HardDistill,HalfCheetah-v4,1
260000,speed,2786.07,1.94,P3O-dyn+EvtSBP+AdaReset+HardDistill,HalfCheetah-v4,1
260000,reward,260,-808.2346347671353,-822.338,P3O-dyn+EvtSBP+AdaReset+HardDistill,HalfCheetah-v4,1
261000,reward,261,-840.5118994669581,-825.718,P3O-dyn+EvtSBP+AdaReset+HardDistill,HalfCheetah-v4,1
262000,reward,262,-856.3015736183049,-825.95,P3O-dyn+EvtSBP+AdaReset+HardDistill,HalfCheetah-v4,1
262144,loss,-0.04070545360445976,3.032102108001709,P3O-dyn+EvtSBP+AdaReset+HardDistill,HalfCheetah-v4,1
263000,reward,263,-923.4700878721552,-838.427,P3O-dyn+EvtSBP+AdaReset+HardDistill,HalfCheetah-v4,1
264000,reward,264,-860.2383174339606,-833.055,P3O-dyn+EvtSBP+AdaReset+HardDistill,HalfCheetah-v4,1
265000,reward,265,-884.213883716477,-845.837,P3O-dyn+EvtSBP+AdaReset+HardDistill,HalfCheetah-v4,1
266000,reward,266,-842.5950257788713,-852.468,P3O-dyn+EvtSBP+AdaReset+HardDistill,HalfCheetah-v4,1
267000,reward,267,-806.3197789069905,-849.17,P3O-dyn+EvtSBP+AdaReset+HardDistill,HalfCheetah-v4,1
268000,reward,268,-848.9617081318981,-854.11,P3O-dyn+EvtSBP+AdaReset+HardDistill,HalfCheetah-v4,1
269000,reward,269,-930.0313482266913,-860.088,P3O-dyn+EvtSBP+AdaReset+HardDistill,HalfCheetah-v4,1
270000,speed,2903.78,2.0,P3O-dyn+EvtSBP+AdaReset+HardDistill,HalfCheetah-v4,1
270000,reward,270,-905.0365188927283,-869.768,P3O-dyn+EvtSBP+AdaReset+HardDistill,HalfCheetah-v4,1
270336,loss,-0.05332935228943825,1.5952337980270386,P3O-dyn+EvtSBP+AdaReset+HardDistill,HalfCheetah-v4,1
271000,reward,271,-805.4838831965935,-866.265,P3O-dyn+EvtSBP+AdaReset+HardDistill,HalfCheetah-v4,1
272000,reward,272,-791.731867530895,-859.808,P3O-dyn+EvtSBP+AdaReset+HardDistill,HalfCheetah-v4,1
273000,reward,273,-786.1849412584388,-846.08,P3O-dyn+EvtSBP+AdaReset+HardDistill,HalfCheetah-v4,1
274000,reward,274,-868.1909394370219,-846.875,P3O-dyn+EvtSBP+AdaReset+HardDistill,HalfCheetah-v4,1
275000,reward,275,-864.0497648886717,-844.859,P3O-dyn+EvtSBP+AdaReset+HardDistill,HalfCheetah-v4,1
276000,reward,276,-888.2700253969109,-849.426,P3O-dyn+EvtSBP+AdaReset+HardDistill,HalfCheetah-v4,1
277000,reward,277,-913.6874327024756,-860.163,P3O-dyn+EvtSBP+AdaReset+HardDistill,HalfCheetah-v4,1
278000,reward,278,-888.9484518142705,-864.162,P3O-dyn+EvtSBP+AdaReset+HardDistill,HalfCheetah-v4,1
278528,loss,-0.05445690080523491,1.2764910459518433,P3O-dyn+EvtSBP+AdaReset+HardDistill,HalfCheetah-v4,1
279000,reward,279,-933.2395437653443,-864.482,P3O-dyn+EvtSBP+AdaReset+HardDistill,HalfCheetah-v4,1
280000,speed,2721.15,2.06,P3O-dyn+EvtSBP+AdaReset+HardDistill,HalfCheetah-v4,1
280000,reward,280,-768.605486492309,-850.839,P3O-dyn+EvtSBP+AdaReset+HardDistill,HalfCheetah-v4,1
281000,reward,281,-734.6861556056915,-843.759,P3O-dyn+EvtSBP+AdaReset+HardDistill,HalfCheetah-v4,1
282000,reward,282,-840.9176545756757,-848.678,P3O-dyn+EvtSBP+AdaReset+HardDistill,HalfCheetah-v4,1
283000,reward,283,-797.7076236939391,-849.83,P3O-dyn+EvtSBP+AdaReset+HardDistill,HalfCheetah-v4,1
284000,reward,284,-905.0251020974835,-853.514,P3O-dyn+EvtSBP+AdaReset+HardDistill,HalfCheetah-v4,1
285000,reward,285,-895.5387591252368,-856.663,P3O-dyn+EvtSBP+AdaReset+HardDistill,HalfCheetah-v4,1
286000,reward,286,-872.6815916618742,-855.104,P3O-dyn+EvtSBP+AdaReset+HardDistill,HalfCheetah-v4,1
286720,loss,-0.0594627782702446,2.038816213607788,P3O-dyn+EvtSBP+AdaReset+HardDistill,HalfCheetah-v4,1
287000,reward,287,-814.6657788383151,-845.202,P3O-dyn+EvtSBP+AdaReset+HardDistill,HalfCheetah-v4,1
288000,reward,288,-844.0787703836367,-840.715,P3O-dyn+EvtSBP+AdaReset+HardDistill,HalfCheetah-v4,1
289000,reward,289,-824.6787095556788,-829.859,P3O-dyn+EvtSBP+AdaReset+HardDistill,HalfCheetah-v4,1
290000,speed,2777.24,2.12,P3O-dyn+EvtSBP+AdaReset+HardDistill,HalfCheetah-v4,1
290000,reward,290,-724.026857444823,-825.401,P3O-dyn+EvtSBP+AdaReset+HardDistill,HalfCheetah-v4,1
291000,reward,291,-890.8216595294084,-841.014,P3O-dyn+EvtSBP+AdaReset+HardDistill,HalfCheetah-v4,1
292000,reward,292,-773.9107103891608,-834.314,P3O-dyn+EvtSBP+AdaReset+HardDistill,HalfCheetah-v4,1
293000,reward,293,-860.7016726336407,-840.613,P3O-dyn+EvtSBP+AdaReset+HardDistill,HalfCheetah-v4,1
294000,reward,294,-910.6677053314146,-841.177,P3O-dyn+EvtSBP+AdaReset+HardDistill,HalfCheetah-v4,1
294912,loss,-0.04901193454861641,1.5826808214187622,P3O-dyn+EvtSBP+AdaReset+HardDistill,HalfCheetah-v4,1
295000,reward,295,-893.1667213214694,-840.94,P3O-dyn+EvtSBP+AdaReset+HardDistill,HalfCheetah-v4,1
296000,reward,296,-927.570101469794,-846.429,P3O-dyn+EvtSBP+AdaReset+HardDistill,HalfCheetah-v4,1
297000,reward,297,-762.0613430678162,-841.168,P3O-dyn+EvtSBP+AdaReset+HardDistill,HalfCheetah-v4,1
298000,reward,298,-740.7405167953718,-830.835,P3O-dyn+EvtSBP+AdaReset+HardDistill,HalfCheetah-v4,1
299000,reward,299,-833.0670900903291,-831.673,P3O-dyn+EvtSBP+AdaReset+HardDistill,HalfCheetah-v4,1
300000,speed,2864.08,2.17,P3O-dyn+EvtSBP+AdaReset+HardDistill,HalfCheetah-v4,1
300000,reward,300,-848.356617673707,-844.106,P3O-dyn+EvtSBP+AdaReset+HardDistill,HalfCheetah-v4,1
301000,reward,301,-935.8958366727616,-848.614,P3O-dyn+EvtSBP+AdaReset+HardDistill,HalfCheetah-v4,1
302000,reward,302,-785.312330691954,-849.754,P3O-dyn+EvtSBP+AdaReset+HardDistill,HalfCheetah-v4,1
303000,reward,303,-921.2928909392242,-855.813,P3O-dyn+EvtSBP+AdaReset+HardDistill,HalfCheetah-v4,1
303104,loss,-0.08113913238048553,1.2250840663909912,P3O-dyn+EvtSBP+AdaReset+HardDistill,HalfCheetah-v4,1
304000,reward,304,-807.9020432313928,-845.537,P3O-dyn+EvtSBP+AdaReset+HardDistill,HalfCheetah-v4,1
305000,reward,305,-824.6768053557969,-838.688,P3O-dyn+EvtSBP+AdaReset+HardDistill,HalfCheetah-v4,1
306000,reward,306,-918.714532768812,-837.802,P3O-dyn+EvtSBP+AdaReset+HardDistill,HalfCheetah-v4,1
307000,reward,307,-706.1907660168491,-832.215,P3O-dyn+EvtSBP+AdaReset+HardDistill,HalfCheetah-v4,1
308000,reward,308,-905.4856205627872,-848.689,P3O-dyn+EvtSBP+AdaReset+HardDistill,HalfCheetah-v4,1
309000,reward,309,-900.2133073554434,-855.404,P3O-dyn+EvtSBP+AdaReset+HardDistill,HalfCheetah-v4,1
310000,speed,2830.18,2.23,P3O-dyn+EvtSBP+AdaReset+HardDistill,HalfCheetah-v4,1
310000,reward,310,-820.8113812460771,-852.65,P3O-dyn+EvtSBP+AdaReset+HardDistill,HalfCheetah-v4,1
311000,reward,311,-810.0359315052293,-840.064,P3O-dyn+EvtSBP+AdaReset+HardDistill,HalfCheetah-v4,1
311296,loss,-0.006978677120059729,15.81614875793457,P3O-dyn+EvtSBP+AdaReset+HardDistill,HalfCheetah-v4,1
312000,reward,312,-931.8817573447507,-854.721,P3O-dyn+EvtSBP+AdaReset+HardDistill,HalfCheetah-v4,1
313000,reward,313,-856.2724502915038,-848.218,P3O-dyn+EvtSBP+AdaReset+HardDistill,HalfCheetah-v4,1
314000,reward,314,-814.4773929747033,-848.876,P3O-dyn+EvtSBP+AdaReset+HardDistill,HalfCheetah-v4,1
315000,reward,315,-926.5434879313436,-859.063,P3O-dyn+EvtSBP+AdaReset+HardDistill,HalfCheetah-v4,1
316000,reward,316,-766.6012940289492,-843.851,P3O-dyn+EvtSBP+AdaReset+HardDistill,HalfCheetah-v4,1
317000,reward,317,-807.7878037305758,-854.011,P3O-dyn+EvtSBP+AdaReset+HardDistill,HalfCheetah-v4,1
318000,reward,318,-815.3606979671591,-844.999,P3O-dyn+EvtSBP+AdaReset+HardDistill,HalfCheetah-v4,1
319000,reward,319,-882.8163555167563,-843.259,P3O-dyn+EvtSBP+AdaReset+HardDistill,HalfCheetah-v4,1
319488,loss,-0.03453641012310982,8.090344429016113,P3O-dyn+EvtSBP+AdaReset+HardDistill,HalfCheetah-v4,1
320000,speed,2810.49,2.29,P3O-dyn+EvtSBP+AdaReset+HardDistill,HalfCheetah-v4,1
320000,reward,320,-1030.745808600961,-864.252,P3O-dyn+EvtSBP+AdaReset+HardDistill,HalfCheetah-v4,1
321000,reward,321,-890.0200868058171,-872.251,P3O-dyn+EvtSBP+AdaReset+HardDistill,HalfCheetah-v4,1
322000,reward,322,-782.6424115419888,-857.327,P3O-dyn+EvtSBP+AdaReset+HardDistill,HalfCheetah-v4,1
323000,reward,323,-843.4093129618162,-856.04,P3O-dyn+EvtSBP+AdaReset+HardDistill,HalfCheetah-v4,1
324000,reward,324,-850.6602820890704,-859.659,P3O-dyn+EvtSBP+AdaReset+HardDistill,HalfCheetah-v4,1
325000,reward,325,-856.9481111091377,-852.699,P3O-dyn+EvtSBP+AdaReset+HardDistill,HalfCheetah-v4,1
326000,reward,326,-872.4353199759718,-863.283,P3O-dyn+EvtSBP+AdaReset+HardDistill,HalfCheetah-v4,1
327000,reward,327,-745.4477833884114,-857.049,P3O-dyn+EvtSBP+AdaReset+HardDistill,HalfCheetah-v4,1
327680,loss,-0.06132398545742035,1.0354326963424683,P3O-dyn+EvtSBP+AdaReset+HardDistill,HalfCheetah-v4,1
328000,reward,328,-857.2220951157492,-861.235,P3O-dyn+EvtSBP+AdaReset+HardDistill,HalfCheetah-v4,1
329000,reward,329,-816.4415044114595,-854.597,P3O-dyn+EvtSBP+AdaReset+HardDistill,HalfCheetah-v4,1
330000,speed,2850.11,2.35,P3O-dyn+EvtSBP+AdaReset+HardDistill,HalfCheetah-v4,1
330000,reward,330,-983.848368479563,-849.908,P3O-dyn+EvtSBP+AdaReset+HardDistill,HalfCheetah-v4,1
331000,reward,331,-774.5115401015034,-838.357,P3O-dyn+EvtSBP+AdaReset+HardDistill,HalfCheetah-v4,1
332000,reward,332,-771.7727579598494,-837.27,P3O-dyn+EvtSBP+AdaReset+HardDistill,HalfCheetah-v4,1
333000,reward,333,-776.9626092676862,-830.625,P3O-dyn+EvtSBP+AdaReset+HardDistill,HalfCheetah-v4,1
333728,sbp,0.4,0.283,0.244,P3O-dyn+EvtSBP+AdaReset+HardDistill,HalfCheetah-v4,1,0.01221,1,1.374905,0.98922,0.025891,0.038488,8.456101,8.492377,0.389889,-0.327291,0.00429,0.276195,1.31329,0.007322,0.001408,1,force,0.007423,0.025,0.244038,0.0,0.244038,0.007423,0.007423,0.007423,0.005437,0.00544,0.005438,0,0.0,0.0,0.0
334000,reward,334,-892.0301251059867,-834.762,P3O-dyn+EvtSBP+AdaReset+HardDistill,HalfCheetah-v4,1
335000,reward,335,-817.3646389832837,-830.804,P3O-dyn+EvtSBP+AdaReset+HardDistill,HalfCheetah-v4,1
335872,loss,0.0012283539399504662,14.111242294311523,P3O-dyn+EvtSBP+AdaReset+HardDistill,HalfCheetah-v4,1
336000,reward,336,-866.1598972938949,-830.176,P3O-dyn+EvtSBP+AdaReset+HardDistill,HalfCheetah-v4,1
337000,reward,337,-821.9587187332457,-837.827,P3O-dyn+EvtSBP+AdaReset+HardDistill,HalfCheetah-v4,1
338000,reward,338,-902.6243957656308,-842.367,P3O-dyn+EvtSBP+AdaReset+HardDistill,HalfCheetah-v4,1
339000,reward,339,-793.4164435898916,-840.065,P3O-dyn+EvtSBP+AdaReset+HardDistill,HalfCheetah-v4,1
340000,speed,2856.04,2.41,P3O-dyn+EvtSBP+AdaReset+HardDistill,HalfCheetah-v4,1
340000,reward,340,-812.5428605538264,-822.934,P3O-dyn+EvtSBP+AdaReset+HardDistill,HalfCheetah-v4,1
341000,reward,341,-791.0746663589371,-824.591,P3O-dyn+EvtSBP+AdaReset+HardDistill,HalfCheetah-v4,1
342000,reward,342,-912.9618750075201,-838.71,P3O-dyn+EvtSBP+AdaReset+HardDistill,HalfCheetah-v4,1
343000,reward,343,-943.3555124467258,-855.349,P3O-dyn+EvtSBP+AdaReset+HardDistill,HalfCheetah-v4,1
344000,reward,344,-843.8587014026182,-850.532,P3O-dyn+EvtSBP+AdaReset+HardDistill,HalfCheetah-v4,1
344064,loss,-0.016989078372716904,25.214326858520508,P3O-dyn+EvtSBP+AdaReset+HardDistill,HalfCheetah-v4,1
345000,reward,345,-889.1605199655353,-857.711,P3O-dyn+EvtSBP+AdaReset+HardDistill,HalfCheetah-v4,1
346000,reward,346,-911.3338137184801,-862.229,P3O-dyn+EvtSBP+AdaReset+HardDistill,HalfCheetah-v4,1
347000,reward,347,-822.6485063497323,-862.298,P3O-dyn+EvtSBP+AdaReset+HardDistill,HalfCheetah-v4,1
348000,reward,348,-822.0181223556461,-854.237,P3O-dyn+EvtSBP+AdaReset+HardDistill,HalfCheetah-v4,1
349000,reward,349,-750.9400374536935,-849.989,P3O-dyn+EvtSBP+AdaReset+HardDistill,HalfCheetah-v4,1
350000,speed,2812.41,2.47,P3O-dyn+EvtSBP+AdaReset+HardDistill,HalfCheetah-v4,1
350000,reward,350,-823.0441618942333,-851.04,P3O-dyn+EvtSBP+AdaReset+HardDistill,HalfCheetah-v4,1
351000,reward,351,-891.3199150628025,-861.064,P3O-dyn+EvtSBP+AdaReset+HardDistill,HalfCheetah-v4,1
352000,reward,352,-989.5694890347188,-868.725,P3O-dyn+EvtSBP+AdaReset+HardDistill,HalfCheetah-v4,1
352256,loss,-0.015523407608270645,27.916851043701172,P3O-dyn+EvtSBP+AdaReset+HardDistill,HalfCheetah-v4,1
353000,reward,353,-830.4900424730247,-857.438,P3O-dyn+EvtSBP+AdaReset+HardDistill,HalfCheetah-v4,1
353728,sbp,0.4,0.2639,0.1949,P3O-dyn+EvtSBP+AdaReset+HardDistill,HalfCheetah-v4,1,0.01425,1,1.76182,1.042212,0.020393,0.03752,8.452698,8.490926,0.690463,-0.456482,0.004523,0.531598,1.204984,0.019464,0.003559,1,event,0.019535,0.025,0.194877,0.0,0.194877,0.019535,0.019535,0.019535,0.005323,0.005326,0.005324,0,0.0,0.0,0.0
354000,reward,354,-834.9768628687349,-856.55,P3O-dyn+EvtSBP+AdaReset+HardDistill,HalfCheetah-v4,1
355000,reward,355,-773.0273453193116,-844.937,P3O-dyn+EvtSBP+AdaReset+HardDistill,HalfCheetah-v4,1
356000,reward,356,-867.1302830244472,-840.516,P3O-dyn+EvtSBP+AdaReset+HardDistill,HalfCheetah-v4,1
357000,reward,357,-890.2166977860264,-847.273,P3O-dyn+EvtSBP+AdaReset+HardDistill,HalfCheetah-v4,1
358000,reward,358,-831.094013009128,-848.181,P3O-dyn+EvtSBP+AdaReset+HardDistill,HalfCheetah-v4,1
359000,reward,359,-900.8610647736854,-863.173,P3O-dyn+EvtSBP+AdaReset+HardDistill,HalfCheetah-v4,1
360000,speed,2760.5,2.53,P3O-dyn+EvtSBP+AdaReset+HardDistill,HalfCheetah-v4,1
360000,reward,360,-903.0386502292176,-871.172,P3O-dyn+EvtSBP+AdaReset+HardDistill,HalfCheetah-v4,1
360448,loss,-0.0215856172144413,14.970931053161621,P3O-dyn+EvtSBP+AdaReset+HardDistill,HalfCheetah-v4,1
361000,reward,361,-885.5591129213872,-870.596,P3O-dyn+EvtSBP+AdaReset+HardDistill,HalfCheetah-v4,1
362000,reward,362,-782.0170438527709,-849.841,P3O-dyn+EvtSBP+AdaReset+HardDistill,HalfCheetah-v4,1
363000,reward,363,-871.5269355631328,-853.945,P3O-dyn+EvtSBP+AdaReset+HardDistill,HalfCheetah-v4,1
364000,reward,364,-814.6483161785969,-851.912,P3O-dyn+EvtSBP+AdaReset+HardDistill,HalfCheetah-v4,1
365000,reward,365,-855.9501059641372,-860.204,P3O-dyn+EvtSBP+AdaReset+HardDistill,HalfCheetah-v4,1
366000,reward,366,-871.5316486640446,-860.644,P3O-dyn+EvtSBP+AdaReset+HardDistill,HalfCheetah-v4,1
367000,reward,367,-785.4246813333343,-850.165,P3O-dyn+EvtSBP+AdaReset+HardDistill,HalfCheetah-v4,1
368000,reward,368,-882.1972904731659,-855.275,P3O-dyn+EvtSBP+AdaReset+HardDistill,HalfCheetah-v4,1
368640,loss,-0.0468159094452858,1.6619304418563843,P3O-dyn+EvtSBP+AdaReset+HardDistill,HalfCheetah-v4,1
369000,reward,369,-829.266533882177,-848.116,P3O-dyn+EvtSBP+AdaReset+HardDistill,HalfCheetah-v4,1
370000,speed,2640.32,2.59,P3O-dyn+EvtSBP+AdaReset+HardDistill,HalfCheetah-v4,1
370000,reward,370,-788.2144813794583,-836.634,P3O-dyn+EvtSBP+AdaReset+HardDistill,HalfCheetah-v4,1
371000,reward,371,-862.413779636611,-834.319,P3O-dyn+EvtSBP+AdaReset+HardDistill,HalfCheetah-v4,1
372000,reward,372,-826.9213154055382,-838.81,P3O-dyn+EvtSBP+AdaReset+HardDistill,HalfCheetah-v4,1
373000,reward,373,-801.9667472403049,-831.853,P3O-dyn+EvtSBP+AdaReset+HardDistill,HalfCheetah-v4,1
373728,sbp,0.4,0.2485,0.1818,P3O-dyn+EvtSBP+AdaReset+HardDistill,HalfCheetah-v4,1,0.0139,1,1.762979,1.057123,0.017868,0.036911,8.451296,8.490019,0.667714,-0.515917,0.004582,0.488059,1.290333,0.258941,0.007642,3,event,0.256112,0.025,0.181771,0.0,0.181771,0.256112,0.256112,0.256112,0.04691,0.046981,0.046946,0,0.0,0.0,0.0
374000,reward,374,-823.6282509377002,-832.751,P3O-dyn+EvtSBP+AdaReset+HardDistill,HalfCheetah-v4,1
375000,reward,375,-820.7098785123574,-829.227,P3O-dyn+EvtSBP+AdaReset+HardDistill,HalfCheetah-v4,1
376000,reward,376,-856.5331689202752,-827.728,P3O-dyn+EvtSBP+AdaReset+HardDistill,HalfCheetah-v4,1
376832,loss,-0.08287738263607025,2.2311909198760986,P3O-dyn+EvtSBP+AdaReset+HardDistill,HalfCheetah-v4,1
377000,reward,377,-844.5729311604974,-833.642,P3O-dyn+EvtSBP+AdaReset+HardDistill,HalfCheetah-v4,1
378000,reward,378,-808.2996170944157,-826.253,P3O-dyn+EvtSBP+AdaReset+HardDistill,HalfCheetah-v4,1
379000,reward,379,-956.828269587326,-839.009,P3O-dyn+EvtSBP+AdaReset+HardDistill,HalfCheetah-v4,1
380000,speed,2397.22,2.66,P3O-dyn+EvtSBP+AdaReset+HardDistill,HalfCheetah-v4,1
380000,reward,380,-835.7413715082589,-843.762,P3O-dyn+EvtSBP+AdaReset+HardDistill,HalfCheetah-v4,1
381000,reward,381,-825.2616826310996,-840.046,P3O-dyn+EvtSBP+AdaReset+HardDistill,HalfCheetah-v4,1
382000,reward,382,-711.4607743834089,-828.5,P3O-dyn+EvtSBP+AdaReset+HardDistill,HalfCheetah-v4,1
383000,reward,383,-943.7633309312555,-842.68,P3O-dyn+EvtSBP+AdaReset+HardDistill,HalfCheetah-v4,1
384000,reward,384,-873.5803886941279,-847.675,P3O-dyn+EvtSBP+AdaReset+HardDistill,HalfCheetah-v4,1
385000,reward,385,-849.494387816045,-850.554,P3O-dyn+EvtSBP+AdaReset+HardDistill,HalfCheetah-v4,1
385024,loss,0.007349682506173849,20.393802642822266,P3O-dyn+EvtSBP+AdaReset+HardDistill,HalfCheetah-v4,1
386000,reward,386,-1179.5284458160002,-882.853,P3O-dyn+EvtSBP+AdaReset+HardDistill,HalfCheetah-v4,1
387000,reward,387,-904.2284640195621,-888.819,P3O-dyn+EvtSBP+AdaReset+HardDistill,HalfCheetah-v4,1
388000,reward,388,-839.6200390936518,-891.951,P3O-dyn+EvtSBP+AdaReset+HardDistill,HalfCheetah-v4,1
389000,reward,389,-829.3227097719176,-879.2,P3O-dyn+EvtSBP+AdaReset+HardDistill,HalfCheetah-v4,1
390000,speed,2743.24,2.72,P3O-dyn+EvtSBP+AdaReset+HardDistill,HalfCheetah-v4,1
390000,reward,390,-809.9591619882724,-876.622,P3O-dyn+EvtSBP+AdaReset+HardDistill,HalfCheetah-v4,1
391000,reward,391,-852.9903744506789,-879.395,P3O-dyn+EvtSBP+AdaReset+HardDistill,HalfCheetah-v4,1
392000,reward,392,-892.941868892648,-897.543,P3O-dyn+EvtSBP+AdaReset+HardDistill,HalfCheetah-v4,1
393000,reward,393,-1099.3329161112456,-913.1,P3O-dyn+EvtSBP+AdaReset+HardDistill,HalfCheetah-v4,1
393216,loss,-0.04166112095117569,5.828980445861816,P3O-dyn+EvtSBP+AdaReset+HardDistill,HalfCheetah-v4,1
393728,sbp,0.4,0.2365,0.1722,P3O-dyn+EvtSBP+AdaReset+HardDistill,HalfCheetah-v4,1,0.01392,1,1.771646,1.078343,0.020598,0.036663,8.44892,8.488613,0.642933,-0.438172,0.004698,0.490513,1.218688,0.010468,0.002092,1,event,0.010121,0.025,0.172168,0.0,0.172168,0.010121,0.010121,0.010121,0.035455,0.035477,0.035466,0,0.0,0.0,0.0
394000,reward,394,-918.98123018221,-917.64,P3O-dyn+EvtSBP+AdaReset+HardDistill,HalfCheetah-v4,1
395000,reward,395,-819.9523679242478,-914.686,P3O-dyn+EvtSBP+AdaReset+HardDistill,HalfCheetah-v4,1
396000,reward,396,-879.846375375674,-884.718,P3O-dyn+EvtSBP+AdaReset+HardDistill,HalfCheetah-v4,1
397000,reward,397,-838.2297567096715,-878.118,P3O-dyn+EvtSBP+AdaReset+HardDistill,HalfCheetah-v4,1
398000,reward,398,-866.3401189784804,-880.79,P3O-dyn+EvtSBP+AdaReset+HardDistill,HalfCheetah-v4,1
399000,reward,399,-925.3382008547454,-890.391,P3O-dyn+EvtSBP+AdaReset+HardDistill,HalfCheetah-v4,1
400000,speed,2758.45,2.78,P3O-dyn+EvtSBP+AdaReset+HardDistill,HalfCheetah-v4,1
400000,reward,400,-954.0268253474655,-904.798,P3O-dyn+EvtSBP+AdaReset+HardDistill,HalfCheetah-v4,1
401000,reward,401,-794.0365921297263,-898.903,P3O-dyn+EvtSBP+AdaReset+HardDistill,HalfCheetah-v4,1
401408,loss,-0.008424919098615646,23.99457359313965,P3O-dyn+EvtSBP+AdaReset+HardDistill,HalfCheetah-v4,1
402000,reward,402,-888.7917687904061,-898.488,P3O-dyn+EvtSBP+AdaReset+HardDistill,HalfCheetah-v4,1
403000,reward,403,-877.5770742280482,-876.312,P3O-dyn+EvtSBP+AdaReset+HardDistill,HalfCheetah-v4,1
404000,reward,404,-827.4177407882721,-867.156,P3O-dyn+EvtSBP+AdaReset+HardDistill,HalfCheetah-v4,1
405000,reward,405,-750.6414912286041,-860.225,P3O-dyn+EvtSBP+AdaReset+HardDistill,HalfCheetah-v4,1
406000,reward,406,-784.3338527703029,-850.673,P3O-dyn+EvtSBP+AdaReset+HardDistill,HalfCheetah-v4,1
407000,reward,407,-843.2119746467564,-851.172,P3O-dyn+EvtSBP+AdaReset+HardDistill,HalfCheetah-v4,1
408000,reward,408,-844.1083055669407,-848.948,P3O-dyn+EvtSBP+AdaReset+HardDistill,HalfCheetah-v4,1
409000,reward,409,-861.9082812392409,-842.605,P3O-dyn+EvtSBP+AdaReset+HardDistill,HalfCheetah-v4,1
409600,loss,-0.023096922785043716,11.46723461151123,P3O-dyn+EvtSBP+AdaReset+HardDistill,HalfCheetah-v4,1
410000,speed,2520.96,2.85,P3O-dyn+EvtSBP+AdaReset+HardDistill,HalfCheetah-v4,1
410000,reward,410,-792.3294666418874,-826.436,P3O-dyn+EvtSBP+AdaReset+HardDistill,HalfCheetah-v4,1
411000,reward,411,-771.5281806370971,-824.185,P3O-dyn+EvtSBP+AdaReset+HardDistill,HalfCheetah-v4,1
412000,reward,412,-837.5686523262326,-819.063,P3O-dyn+EvtSBP+AdaReset+HardDistill,HalfCheetah-v4,1
413000,reward,413,-836.0471158902818,-814.91,P3O-dyn+EvtSBP+AdaReset+HardDistill,HalfCheetah-v4,1
413728,sbp,0.4,0.2272,0.1529,P3O-dyn+EvtSBP+AdaReset+HardDistill,HalfCheetah-v4,1,0.0145,1,1.934081,1.10988,0.017446,0.036014,8.447615,8.487686,0.742603,-0.515559,0.004743,0.563106,1.346613,0.015412,0.003083,1,event,0.015299,0.025,0.152894,0.0,0.152894,0.015299,0.015299,0.015299,0.014874,0.014883,0.014878,0,0.0,0.0,0.0
414000,reward,414,-818.7897718386736,-814.047,P3O-dyn+EvtSBP+AdaReset+HardDistill,HalfCheetah-v4,1
415000,reward,415,-799.1042353628649,-818.893,P3O-dyn+EvtSBP+AdaReset+HardDistill,HalfCheetah-v4,1
416000,reward,416,-989.4043488431898,-839.4,P3O-dyn+EvtSBP+AdaReset+HardDistill,HalfCheetah-v4,1
417000,reward,417,-828.8493800749433,-837.964,P3O-dyn+EvtSBP+AdaReset+HardDistill,HalfCheetah-v4,1
417792,loss,-0.06367246806621552,5.788183689117432,P3O-dyn+EvtSBP+AdaReset+HardDistill,HalfCheetah-v4,1
418000,reward,418,-880.3357751417225,-841.587,P3O-dyn+EvtSBP+AdaReset+HardDistill,HalfCheetah-v4,1
419000,reward,419,-788.4452148814054,-834.24,P3O-dyn+EvtSBP+AdaReset+HardDistill,HalfCheetah-v4,1
420000,speed,2739.79,2.91,P3O-dyn+EvtSBP+AdaReset+HardDistill,HalfCheetah-v4,1
420000,reward,420,-938.158440584684,-848.823,P3O-dyn+EvtSBP+AdaReset+HardDistill,HalfCheetah-v4,1
421000,reward,421,-734.3460574460827,-845.105,P3O-dyn+EvtSBP+AdaReset+HardDistill,HalfCheetah-v4,1
422000,reward,422,-861.2319589058927,-847.471,P3O-dyn+EvtSBP+AdaReset+HardDistill,HalfCheetah-v4,1
423000,reward,423,-735.3160119969218,-837.398,P3O-dyn+EvtSBP+AdaReset+HardDistill,HalfCheetah-v4,1
424000,reward,424,-777.6328026295729,-833.282,P3O-dyn+EvtSBP+AdaReset+HardDistill,HalfCheetah-v4,1
425000,reward,425,-993.440834057812,-852.716,P3O-dyn+EvtSBP+AdaReset+HardDistill,HalfCheetah-v4,1
425984,loss,-0.007973786443471909,15.625776290893555,P3O-dyn+EvtSBP+AdaReset+HardDistill,HalfCheetah-v4,1
426000,reward,426,-914.8423141142233,-845.26,P3O-dyn+EvtSBP+AdaReset+HardDistill,HalfCheetah-v4,1
427000,reward,427,-830.6143927757025,-845.436,P3O-dyn+EvtSBP+AdaReset+HardDistill,HalfCheetah-v4,1
428000,reward,428,-1008.2521857263221,-858.228,P3O-dyn+EvtSBP+AdaReset+HardDistill,HalfCheetah-v4,1
429000,reward,429,-1002.6809049601588,-879.652,P3O-dyn+EvtSBP+AdaReset+HardDistill,HalfCheetah-v4,1
430000,speed,2771.38,2.97,P3O-dyn+EvtSBP+AdaReset+HardDistill,HalfCheetah-v4,1
430000,reward,430,-943.0805000661068,-880.144,P3O-dyn+EvtSBP+AdaReset+HardDistill,HalfCheetah-v4,1
431000,reward,431,-798.0980389531119,-886.519,P3O-dyn+EvtSBP+AdaReset+HardDistill,HalfCheetah-v4,1
432000,reward,432,-856.7501735564865,-886.071,P3O-dyn+EvtSBP+AdaReset+HardDistill,HalfCheetah-v4,1
433000,reward,433,-735.4025019551093,-886.079,P3O-dyn+EvtSBP+AdaReset+HardDistill,HalfCheetah-v4,1
433728,sbp,0.4,0.2201,0.15,P3O-dyn+EvtSBP+AdaReset+HardDistill,HalfCheetah-v4,1,0.01457,1,1.978358,1.130146,0.017262,0.035633,8.446546,8.486777,0.750534,-0.515555,0.004763,0.571042,1.408131,0.015386,0.00396,1,event,0.01588,0.025,0.15,0.0,0.15,0.01588,0.01588,0.01588,0.019715,0.019727,0.019721,0,0.0,0.0,0.0
434000,reward,434,-673.1392516468659,-875.63,P3O-dyn+EvtSBP+AdaReset+HardDistill,HalfCheetah-v4,1
434176,loss,-0.0072106532752513885,27.886592864990234,P3O-dyn+EvtSBP+AdaReset+HardDistill,HalfCheetah-v4,1
435000,reward,435,-1038.0124455988275,-880.087,P3O-dyn+EvtSBP+AdaReset+HardDistill,HalfCheetah-v4,1
436000,reward,436,-831.7113244968577,-871.774,P3O-dyn+EvtSBP+AdaReset+HardDistill,HalfCheetah-v4,1
437000,reward,437,-876.185729094007,-876.331,P3O-dyn+EvtSBP+AdaReset+HardDistill,HalfCheetah-v4,1
438000,reward,438,-1033.0542102321592,-878.812,P3O-dyn+EvtSBP+AdaReset+HardDistill,HalfCheetah-v4,1
439000,reward,439,-933.662597793223,-871.91,P3O-dyn+EvtSBP+AdaReset+HardDistill,HalfCheetah-v4,1
440000,speed,2739.78,3.03,P3O-dyn+EvtSBP+AdaReset+HardDistill,HalfCheetah-v4,1
440000,reward,440,-894.3003711462851,-867.032,P3O-dyn+EvtSBP+AdaReset+HardDistill,HalfCheetah-v4,1
441000,reward,441,-778.0919759921067,-865.031,P3O-dyn+EvtSBP+AdaReset+HardDistill,HalfCheetah-v4,1
442000,reward,442,-797.7254386839176,-859.129,P3O-dyn+EvtSBP+AdaReset+HardDistill,HalfCheetah-v4,1
442368,loss,-0.012956254184246063,25.434484481811523,P3O-dyn+EvtSBP+AdaReset+HardDistill,HalfCheetah-v4,1
443000,reward,443,-769.5683696412462,-862.545,P3O-dyn+EvtSBP+AdaReset+HardDistill,HalfCheetah-v4,1
444000,reward,444,-942.202640639518,-889.452,P3O-dyn+EvtSBP+AdaReset+HardDistill,HalfCheetah-v4,1
445000,reward,445,-928.6938448552487,-878.52,P3O-dyn+EvtSBP+AdaReset+HardDistill,HalfCheetah-v4,1
446000,reward,446,-1001.2962240128555,-895.478,P3O-dyn+EvtSBP+AdaReset+HardDistill,HalfCheetah-v4,1
447000,reward,447,-907.4620264722392,-898.606,P3O-dyn+EvtSBP+AdaReset+HardDistill,HalfCheetah-v4,1
448000,reward,448,-848.0949701289395,-880.11,P3O-dyn+EvtSBP+AdaReset+HardDistill,HalfCheetah-v4,1
449000,reward,449,-1000.1317287723206,-886.757,P3O-dyn+EvtSBP+AdaReset+HardDistill,HalfCheetah-v4,1
450000,speed,2818.55,3.09,P3O-dyn+EvtSBP+AdaReset+HardDistill,HalfCheetah-v4,1
450000,reward,450,-850.8116946611563,-882.408,P3O-dyn+EvtSBP+AdaReset+HardDistill,HalfCheetah-v4,1
450560,loss,-0.015407669357955456,23.266149520874023,P3O-dyn+EvtSBP+AdaReset+HardDistill,HalfCheetah-v4,1
451000,reward,451,-939.189620427501,-898.518,P3O-dyn+EvtSBP+AdaReset+HardDistill,HalfCheetah-v4,1
452000,reward,452,-844.8137308754531,-903.226,P3O-dyn+EvtSBP+AdaReset+HardDistill,HalfCheetah-v4,1
453000,reward,453,-797.6138099676659,-906.031,P3O-dyn+EvtSBP+AdaReset+HardDistill,HalfCheetah-v4,1
453728,sbp,0.4,0.2148,0.15,P3O-dyn+EvtSBP+AdaReset+HardDistill,HalfCheetah-v4,1,0.01591,1,2.336865,1.194705,0.013034,0.034623,8.445388,8.485456,0.956019,-0.623546,0.004744,0.738727,1.313644,0.015417,0.003545,1,event,0.016032,0.025,0.15,0.0,0.15,0.016032,0.016032,0.016032,0.013595,0.013603,0.013599,0,0.0,0.0,0.0
454000,reward,454,-852.4336654136821,-897.054,P3O-dyn+EvtSBP+AdaReset+HardDistill,HalfCheetah-v4,1
455000,reward,455,-854.1306725767253,-889.598,P3O-dyn+EvtSBP+AdaReset+HardDistill,HalfCheetah-v4,1
456000,reward,456,-829.7083236369984,-872.439,P3O-dyn+EvtSBP+AdaReset+HardDistill,HalfCheetah-v4,1
457000,reward,457,-893.26189286523,-871.019,P3O-dyn+EvtSBP+AdaReset+HardDistill,HalfCheetah-v4,1
458000,reward,458,-834.7515731736717,-869.685,P3O-dyn+EvtSBP+AdaReset+HardDistill,HalfCheetah-v4,1
458752,loss,-0.05326998233795166,2.7796685695648193,P3O-dyn+EvtSBP+AdaReset+HardDistill,HalfCheetah-v4,1
459000,reward,459,-775.1022854223557,-847.182,P3O-dyn+EvtSBP+AdaReset+HardDistill,HalfCheetah-v4,1
460000,speed,2750.49,3.15,P3O-dyn+EvtSBP+AdaReset+HardDistill,HalfCheetah-v4,1
460000,reward,460,-912.0545868214823,-853.306,P3O-dyn+EvtSBP+AdaReset+HardDistill,HalfCheetah-v4,1
461000,reward,461,-780.4917911471133,-837.436,P3O-dyn+EvtSBP+AdaReset+HardDistill,HalfCheetah-v4,1
462000,reward,462,-866.2107549376987,-839.576,P3O-dyn+EvtSBP+AdaReset+HardDistill,HalfCheetah-v4,1
463000,reward,463,-893.5216447864136,-849.167,P3O-dyn+EvtSBP+AdaReset+HardDistill,HalfCheetah-v4,1
464000,reward,464,-930.6062532952589,-856.984,P3O-dyn+EvtSBP+AdaReset+HardDistill,HalfCheetah-v4,1
465000,reward,465,-894.6751575684968,-861.038,P3O-dyn+EvtSBP+AdaReset+HardDistill,HalfCheetah-v4,1
466000,reward,466,-944.3381344592167,-872.501,P3O-dyn+EvtSBP+AdaReset+HardDistill,HalfCheetah-v4,1
466944,loss,-0.05094126611948013,1.596390962600708,P3O-dyn+EvtSBP+AdaReset+HardDistill,HalfCheetah-v4,1
467000,reward,467,-799.2186078531788,-863.097,P3O-dyn+EvtSBP+AdaReset+HardDistill,HalfCheetah-v4,1
468000,reward,468,-853.7732253588313,-864.999,P3O-dyn+EvtSBP+AdaReset+HardDistill,HalfCheetah-v4,1
469000,reward,469,-835.6408376187643,-871.053,P3O-dyn+EvtSBP+AdaReset+HardDistill,HalfCheetah-v4,1
470000,speed,2784.38,3.21,P3O-dyn+EvtSBP+AdaReset+HardDistill,HalfCheetah-v4,1
470000,reward,470,-998.8129480136641,-879.729,P3O-dyn+EvtSBP+AdaReset+HardDistill,HalfCheetah-v4,1
471000,reward,471,-867.6909817040804,-888.449,P3O-dyn+EvtSBP+AdaReset+HardDistill,HalfCheetah-v4,1
472000,reward,472,-835.1356652408849,-885.341,P3O-dyn+EvtSBP+AdaReset+HardDistill,HalfCheetah-v4,1
473000,reward,473,-903.0589715433969,-886.295,P3O-dyn+EvtSBP+AdaReset+HardDistill,HalfCheetah-v4,1
473728,sbp,0.4,0.2109,0.15,P3O-dyn+EvtSBP+AdaReset+HardDistill,HalfCheetah-v4,1,0.01464,1,2.12579,1.195381,0.014836,0.034378,8.445053,8.484623,0.778337,-0.568432,0.004686,0.580323,1.545549,0.01192,0.002403,1,event,0.010607,0.025,0.15,0.0,0.15,0.010607,0.010607,0.010607,0.014753,0.014762,0.014757,0,0.0,0.0,0.0
474000,reward,474,-910.1806859943232,-884.253,P3O-dyn+EvtSBP+AdaReset+HardDistill,HalfCheetah-v4,1
475000,reward,475,-796.4344573802057,-874.428,P3O-dyn+EvtSBP+AdaReset+HardDistill,HalfCheetah-v4,1
475136,loss,-0.02545657567679882,4.361514091491699,P3O-dyn+EvtSBP+AdaReset+HardDistill,HalfCheetah-v4,1
476000,reward,476,-706.5000440340815,-850.645,P3O-dyn+EvtSBP+AdaReset+HardDistill,HalfCheetah-v4,1
477000,reward,477,-804.6092959380944,-851.184,P3O-dyn+EvtSBP+AdaReset+HardDistill,HalfCheetah-v4,1
478000,reward,478,-843.678370897098,-850.174,P3O-dyn+EvtSBP+AdaReset+HardDistill,HalfCheetah-v4,1
479000,reward,479,-777.0408203914808,-844.314,P3O-dyn+EvtSBP+AdaReset+HardDistill,HalfCheetah-v4,1
480000,speed,2727.05,3.27,P3O-dyn+EvtSBP+AdaReset+HardDistill,HalfCheetah-v4,1
480000,reward,480,-949.8203699705645,-839.415,P3O-dyn+EvtSBP+AdaReset+HardDistill,HalfCheetah-v4,1
481000,reward,481,-1077.228509795793,-860.369,P3O-dyn+EvtSBP+AdaReset+HardDistill,HalfCheetah-v4,1
482000,reward,482,-892.1849549093985,-866.074,P3O-dyn+EvtSBP+AdaReset+HardDistill,HalfCheetah-v4,1
483000,reward,483,-922.9552982386042,-868.063,P3O-dyn+EvtSBP+AdaReset+HardDistill,HalfCheetah-v4,1
483328,loss,-0.017611205577850342,20.956130981445312,P3O-dyn+EvtSBP+AdaReset+HardDistill,HalfCheetah-v4,1
484000,reward,484,-831.3342378235608,-860.179,P3O-dyn+EvtSBP+AdaReset+HardDistill,HalfCheetah-v4,1
485000,reward,485,-848.659802939623,-865.401,P3O-dyn+EvtSBP+AdaReset+HardDistill,HalfCheetah-v4,1
486000,reward,486,-856.5476066914877,-880.406,P3O-dyn+EvtSBP+AdaReset+HardDistill,HalfCheetah-v4,1
487000,reward,487,-815.2946760081167,-881.474,P3O-dyn+EvtSBP+AdaReset+HardDistill,HalfCheetah-v4,1
488000,reward,488,-863.6558327455009,-883.472,P3O-dyn+EvtSBP+AdaReset+HardDistill,HalfCheetah-v4,1
489000,reward,489,-783.4111305629202,-884.109,P3O-dyn+EvtSBP+AdaReset+HardDistill,HalfCheetah-v4,1
490000,speed,2812.21,3.33,P3O-dyn+EvtSBP+AdaReset+HardDistill,HalfCheetah-v4,1
490000,reward,490,-836.6110852030458,-872.788,P3O-dyn+EvtSBP+AdaReset+HardDistill,HalfCheetah-v4,1
491000,reward,491,-929.489078113896,-858.014,P3O-dyn+EvtSBP+AdaReset+HardDistill,HalfCheetah-v4,1
491520,loss,-0.076495461165905,0.9718029499053955,P3O-dyn+EvtSBP+AdaReset+HardDistill,HalfCheetah-v4,1
492000,reward,492,-989.6753030419195,-867.763,P3O-dyn+EvtSBP+AdaReset+HardDistill,HalfCheetah-v4,1
493000,reward,493,-889.4965682281936,-864.418,P3O-dyn+EvtSBP+AdaReset+HardDistill,HalfCheetah-v4,1
493728,sbp,0.4,0.2079,0.15,P3O-dyn+EvtSBP+AdaReset+HardDistill,HalfCheetah-v4,1,0.01381,1,2.020211,1.212188,0.015316,0.033839,8.445075,8.483454,0.666582,-0.547392,0.004545,0.475904,1.238767,0.010432,0.002055,1,event,0.011184,0.025,0.15,0.0,0.15,0.011184,0.011184,0.011184,0.0093,0.009305,0.009303,0,0.0,0.0,0.0
494000,reward,494,-923.7960237374846,-873.664,P3O-dyn+EvtSBP+AdaReset+HardDistill,HalfCheetah-v4,1
495000,reward,495,-768.6351582318335,-865.661,P3O-dyn+EvtSBP+AdaReset+HardDistill,HalfCheetah-v4,1
496000,reward,496,-920.6029635201711,-872.067,P3O-dyn+EvtSBP+AdaReset+HardDistill,HalfCheetah-v4,1
497000,reward,497,-908.5413937059731,-881.391,P3O-dyn+EvtSBP+AdaReset+HardDistill,HalfCheetah-v4,1
498000,reward,498,-813.862302940127,-876.412,P3O-dyn+EvtSBP+AdaReset+HardDistill,HalfCheetah-v4,1
499000,reward,499,-916.930330004158,-889.764,P3O-dyn+EvtSBP+AdaReset+HardDistill,HalfCheetah-v4,1
499712,loss,-0.004746731370687485,2.3416545391082764,P3O-dyn+EvtSBP+AdaReset+HardDistill,HalfCheetah-v4,1
500000,speed,2398.01,3.4,P3O-dyn+EvtSBP+AdaReset+HardDistill,HalfCheetah-v4,1
500000,reward,500,-929.1348668717409,-899.016,P3O-dyn+EvtSBP+AdaReset+HardDistill,HalfCheetah-v4,1
