name,category,returncode,duration_sec,log_path,command
main_formal_P3O-ClosedLoopAlpha_Hopper-v4_seed0,main,0,242.56,campaign_logs\main_formal_20260324_091235\main_formal_P3O-ClosedLoopAlpha_Hopper-v4_seed0.log,C:\Users\33277\AppData\Local\Programs\Python\Python311\python.exe run_p3o_extra_innovations.py --only-algo P3O-ClosedLoopAlpha --env Hopper-v4 --seed 0 --steps 300000 --force
main_formal_P3O-ClosedLoopAlpha_Hopper-v4_seed1,main,0,231.0,campaign_logs\main_formal_20260324_091235\main_formal_P3O-ClosedLoopAlpha_Hopper-v4_seed1.log,C:\Users\33277\AppData\Local\Programs\Python\Python311\python.exe run_p3o_extra_innovations.py --only-algo P3O-ClosedLoopAlpha --env Hopper-v4 --seed 1 --steps 300000 --force
main_formal_P3O-ClosedLoopAlpha_Hopper-v4_seed2,main,0,232.56,campaign_logs\main_formal_20260324_091235\main_formal_P3O-ClosedLoopAlpha_Hopper-v4_seed2.log,C:\Users\33277\AppData\Local\Programs\Python\Python311\python.exe run_p3o_extra_innovations.py --only-algo P3O-ClosedLoopAlpha --env Hopper-v4 --seed 2 --steps 300000 --force
main_formal_P3O-ClosedLoopFull_Hopper-v4_seed0,main,0,231.94,campaign_logs\main_formal_20260324_091235\main_formal_P3O-ClosedLoopFull_Hopper-v4_seed0.log,C:\Users\33277\AppData\Local\Programs\Python\Python311\python.exe run_p3o_extra_innovations.py --only-algo P3O-ClosedLoopFull --env Hopper-v4 --seed 0 --steps 300000 --force
main_formal_P3O-ClosedLoopFull_Hopper-v4_seed1,main,0,231.46,campaign_logs\main_formal_20260324_091235\main_formal_P3O-ClosedLoopFull_Hopper-v4_seed1.log,C:\Users\33277\AppData\Local\Programs\Python\Python311\python.exe run_p3o_extra_innovations.py --only-algo P3O-ClosedLoopFull --env Hopper-v4 --seed 1 --steps 300000 --force
main_formal_P3O-ClosedLoopFull_Hopper-v4_seed2,main,0,171.52,campaign_logs\main_formal_20260324_091235\main_formal_P3O-ClosedLoopFull_Hopper-v4_seed2.log,C:\Users\33277\AppData\Local\Programs\Python\Python311\python.exe run_p3o_extra_innovations.py --only-algo P3O-ClosedLoopFull --env Hopper-v4 --seed 2 --steps 300000 --force
main_formal_P3O-dyn+AdaReset+HardDistill_Hopper-v4_seed0,main,0,236.22,campaign_logs\main_formal_20260324_091235\main_formal_P3O-dyn_AdaReset_HardDistill_Hopper-v4_seed0.log,C:\Users\33277\AppData\Local\Programs\Python\Python311\python.exe run_p3o_extra_innovations.py --only-algo P3O-dyn+AdaReset+HardDistill --env Hopper-v4 --seed 0 --steps 300000 --force
main_formal_P3O-dyn+AdaReset+HardDistill_Hopper-v4_seed1,main,0,236.01,campaign_logs\main_formal_20260324_091235\main_formal_P3O-dyn_AdaReset_HardDistill_Hopper-v4_seed1.log,C:\Users\33277\AppData\Local\Programs\Python\Python311\python.exe run_p3o_extra_innovations.py --only-algo P3O-dyn+AdaReset+HardDistill --env Hopper-v4 --seed 1 --steps 300000 --force
main_formal_P3O-dyn+AdaReset+HardDistill_Hopper-v4_seed2,main,0,235.97,campaign_logs\main_formal_20260324_091235\main_formal_P3O-dyn_AdaReset_HardDistill_Hopper-v4_seed2.log,C:\Users\33277\AppData\Local\Programs\Python\Python311\python.exe run_p3o_extra_innovations.py --only-algo P3O-dyn+AdaReset+HardDistill --env Hopper-v4 --seed 2 --steps 300000 --force
main_formal_P3O-dyn+AdaReset_Hopper-v4_seed0,main,0,258.93,campaign_logs\main_formal_20260324_091235\main_formal_P3O-dyn_AdaReset_Hopper-v4_seed0.log,C:\Users\33277\AppData\Local\Programs\Python\Python311\python.exe run_p3o_extra_innovations.py --only-algo P3O-dyn+AdaReset --env Hopper-v4 --seed 0 --steps 300000 --force
main_formal_P3O-dyn+AdaReset_Hopper-v4_seed1,main,0,243.66,campaign_logs\main_formal_20260324_091235\main_formal_P3O-dyn_AdaReset_Hopper-v4_seed1.log,C:\Users\33277\AppData\Local\Programs\Python\Python311\python.exe run_p3o_extra_innovations.py --only-algo P3O-dyn+AdaReset --env Hopper-v4 --seed 1 --steps 300000 --force
main_formal_P3O-dyn+AdaReset_Hopper-v4_seed2,main,0,248.48,campaign_logs\main_formal_20260324_091235\main_formal_P3O-dyn_AdaReset_Hopper-v4_seed2.log,C:\Users\33277\AppData\Local\Programs\Python\Python311\python.exe run_p3o_extra_innovations.py --only-algo P3O-dyn+AdaReset --env Hopper-v4 --seed 2 --steps 300000 --force
main_formal_P3O-dyn+EvtSBP+AdaReset+HardDistill_Hopper-v4_seed0,main,0,240.43,campaign_logs\main_formal_20260324_091235\main_formal_P3O-dyn_EvtSBP_AdaReset_HardDistill_Hopper-v4_seed0.log,C:\Users\33277\AppData\Local\Programs\Python\Python311\python.exe run_p3o_extra_innovations.py --only-algo P3O-dyn+EvtSBP+AdaReset+HardDistill --env Hopper-v4 --seed 0 --steps 300000 --force
main_formal_P3O-dyn+EvtSBP+AdaReset+HardDistill_Hopper-v4_seed1,main,0,242.5,campaign_logs\main_formal_20260324_091235\main_formal_P3O-dyn_EvtSBP_AdaReset_HardDistill_Hopper-v4_seed1.log,C:\Users\33277\AppData\Local\Programs\Python\Python311\python.exe run_p3o_extra_innovations.py --only-algo P3O-dyn+EvtSBP+AdaReset+HardDistill --env Hopper-v4 --seed 1 --steps 300000 --force
main_formal_P3O-dyn+EvtSBP+AdaReset+HardDistill_Hopper-v4_seed2,main,0,242.43,campaign_logs\main_formal_20260324_091235\main_formal_P3O-dyn_EvtSBP_AdaReset_HardDistill_Hopper-v4_seed2.log,C:\Users\33277\AppData\Local\Programs\Python\Python311\python.exe run_p3o_extra_innovations.py --only-algo P3O-dyn+EvtSBP+AdaReset+HardDistill --env Hopper-v4 --seed 2 --steps 300000 --force
main_formal_P3O-dyn+HardDistill_Hopper-v4_seed0,main,0,247.8,campaign_logs\main_formal_20260324_091235\main_formal_P3O-dyn_HardDistill_Hopper-v4_seed0.log,C:\Users\33277\AppData\Local\Programs\Python\Python311\python.exe run_p3o_extra_innovations.py --only-algo P3O-dyn+HardDistill --env Hopper-v4 --seed 0 --steps 300000 --force
main_formal_P3O-dyn+HardDistill_Hopper-v4_seed1,main,0,245.56,campaign_logs\main_formal_20260324_091235\main_formal_P3O-dyn_HardDistill_Hopper-v4_seed1.log,C:\Users\33277\AppData\Local\Programs\Python\Python311\python.exe run_p3o_extra_innovations.py --only-algo P3O-dyn+HardDistill --env Hopper-v4 --seed 1 --steps 300000 --force
main_formal_P3O-dyn+HardDistill_Hopper-v4_seed2,main,0,239.44,campaign_logs\main_formal_20260324_091235\main_formal_P3O-dyn_HardDistill_Hopper-v4_seed2.log,C:\Users\33277\AppData\Local\Programs\Python\Python311\python.exe run_p3o_extra_innovations.py --only-algo P3O-dyn+HardDistill --env Hopper-v4 --seed 2 --steps 300000 --force
main_formal_P3O-dynamic_Hopper-v4_seed0,main,0,256.59,campaign_logs\main_formal_20260324_091235\main_formal_P3O-dynamic_Hopper-v4_seed0.log,C:\Users\33277\AppData\Local\Programs\Python\Python311\python.exe run_p3o_extra_innovations.py --only-algo P3O-dynamic --env Hopper-v4 --seed 0 --steps 300000 --force
main_formal_P3O-dynamic_Hopper-v4_seed1,main,0,255.5,campaign_logs\main_formal_20260324_091235\main_formal_P3O-dynamic_Hopper-v4_seed1.log,C:\Users\33277\AppData\Local\Programs\Python\Python311\python.exe run_p3o_extra_innovations.py --only-algo P3O-dynamic --env Hopper-v4 --seed 1 --steps 300000 --force
main_formal_P3O-dynamic_Hopper-v4_seed2,main,0,257.91,campaign_logs\main_formal_20260324_091235\main_formal_P3O-dynamic_Hopper-v4_seed2.log,C:\Users\33277\AppData\Local\Programs\Python\Python311\python.exe run_p3o_extra_innovations.py --only-algo P3O-dynamic --env Hopper-v4 --seed 2 --steps 300000 --force
