env,algo,final_avg10_mean,final_avg10_std,auc_mean,auc_std
Hopper-v4,PPO,187.9266,94.6836,125.3516,20.1984
Hopper-v4,PPO+Cycle,173.584,87.9654,135.115,53.3357
Hopper-v4,P3O,105.1746,38.2136,121.5061,38.614
Hopper-v4,P3O-dyn+EvtSBP+AdaReset+HardDistill,135.1422,42.5153,96.6704,20.36
Hopper-v4,P3O-ClosedLoopAlpha,135.3124,28.4573,104.5843,15.0425
Hopper-v4,P3O-ClosedLoopFull,133.4402,42.1992,114.5312,34.1299
Walker2d-v4,PPO,159.4708,108.1342,107.9039,76.4025
Walker2d-v4,PPO+Cycle,145.46,66.3529,94.4503,72.3641
Walker2d-v4,P3O,165.3074,94.9019,107.3079,74.1791
Walker2d-v4,P3O-dyn+EvtSBP+AdaReset+HardDistill,104.9558,39.6422,93.0139,34.6478
Walker2d-v4,P3O-ClosedLoopAlpha,144.513,44.6969,97.4457,39.99
Walker2d-v4,P3O-ClosedLoopFull,81.6675,87.7197,68.5224,74.761
HalfCheetah-v4,PPO,-813.1136,34.8863,-779.9078,18.5608
HalfCheetah-v4,PPO+Cycle,-822.225,44.6469,-766.3553,23.3292
HalfCheetah-v4,P3O,-828.8534,27.5317,-785.0079,13.9739
HalfCheetah-v4,P3O-dyn+EvtSBP+AdaReset+HardDistill,-821.7622,63.1613,-762.1706,31.1484
HalfCheetah-v4,P3O-ClosedLoopAlpha,-839.1732,39.4718,-777.8007,9.654
HalfCheetah-v4,P3O-ClosedLoopFull,-1130.4005,47.3532,-953.9632,23.1072
