Variant,Hopper,Walker2d,HalfCheetah,Ant
PPO,140.8¡À45.2,230.4¡À29.9,-825.2¡À64.2,-518.1¡À564.5
P3O,220.6¡À86.8,239.4¡À49.9,-629.3¡À94.4,-310.5¡À147.3
PPO+ShrinkPerturb,137.5¡À59.7,231.6¡À12.2,-777.2¡À55.7,-137.0¡À23.5
PPO+NaP,222.2¡À65.4,217.1¡À44.3,-636.5¡À78.5,-448.8¡À182.5
PPO+RegenReg,151.3¡À68.2,261.4¡À46.6,-764.8¡À145.5,-148.4¡À11.0
PPO-LN-RegenReg,253.2¡À119.2,201.9¡À31.5,-641.8¡À62.9,-315.5¡À206.3
EGR,317.9¡À126.8,247.3¡À39.9,-722.0¡À32.7,-161.2¡À28.1
EGR-NoNaP,171.9¡À54.3,261.4¡À46.6,-780.7¡À47.9,-301.3¡À183.0
EGR-NoSoftReset,317.9¡À126.8,247.3¡À39.9,-722.0¡À32.7,-161.2¡À28.1
EGR-FixedRegen,233.8¡À31.7,260.5¡À53.5,-660.3¡À73.0,-417.2¡À166.5
EGR-NoGate,252.4¡À48.1,201.4¡À47.5,-624.7¡À84.9,-380.0¡À449.9
