name,category,log_path,command
sequence_formal_PPO_seed0,sequence,campaign_logs\sequence_formal_20260323_234654\sequence_formal_PPO_seed0.log,C:\Users\33277\AppData\Local\Programs\Python\Python311\python.exe run_sequence_plasticity.py --algo PPO --seed 0 --force
sequence_formal_PPO_seed1,sequence,campaign_logs\sequence_formal_20260323_234654\sequence_formal_PPO_seed1.log,C:\Users\33277\AppData\Local\Programs\Python\Python311\python.exe run_sequence_plasticity.py --algo PPO --seed 1 --force
sequence_formal_PPO_seed2,sequence,campaign_logs\sequence_formal_20260323_234654\sequence_formal_PPO_seed2.log,C:\Users\33277\AppData\Local\Programs\Python\Python311\python.exe run_sequence_plasticity.py --algo PPO --seed 2 --force
sequence_formal_P3O_seed0,sequence,campaign_logs\sequence_formal_20260323_234654\sequence_formal_P3O_seed0.log,C:\Users\33277\AppData\Local\Programs\Python\Python311\python.exe run_sequence_plasticity.py --algo P3O --seed 0 --force
sequence_formal_P3O_seed1,sequence,campaign_logs\sequence_formal_20260323_234654\sequence_formal_P3O_seed1.log,C:\Users\33277\AppData\Local\Programs\Python\Python311\python.exe run_sequence_plasticity.py --algo P3O --seed 1 --force
sequence_formal_P3O_seed2,sequence,campaign_logs\sequence_formal_20260323_234654\sequence_formal_P3O_seed2.log,C:\Users\33277\AppData\Local\Programs\Python\Python311\python.exe run_sequence_plasticity.py --algo P3O --seed 2 --force
sequence_formal_P3O-ClosedLoopFull_seed0,sequence,campaign_logs\sequence_formal_20260323_234654\sequence_formal_P3O-ClosedLoopFull_seed0.log,C:\Users\33277\AppData\Local\Programs\Python\Python311\python.exe run_sequence_plasticity.py --algo P3O-ClosedLoopFull --seed 0 --force
sequence_formal_P3O-ClosedLoopFull_seed1,sequence,campaign_logs\sequence_formal_20260323_234654\sequence_formal_P3O-ClosedLoopFull_seed1.log,C:\Users\33277\AppData\Local\Programs\Python\Python311\python.exe run_sequence_plasticity.py --algo P3O-ClosedLoopFull --seed 1 --force
sequence_formal_P3O-ClosedLoopFull_seed2,sequence,campaign_logs\sequence_formal_20260323_234654\sequence_formal_P3O-ClosedLoopFull_seed2.log,C:\Users\33277\AppData\Local\Programs\Python\Python311\python.exe run_sequence_plasticity.py --algo P3O-ClosedLoopFull --seed 2 --force
sequence_formal_P3O-ClosedLoopMemory_seed0,sequence,campaign_logs\sequence_formal_20260323_234654\sequence_formal_P3O-ClosedLoopMemory_seed0.log,C:\Users\33277\AppData\Local\Programs\Python\Python311\python.exe run_sequence_plasticity.py --algo P3O-ClosedLoopMemory --seed 0 --force
sequence_formal_P3O-ClosedLoopMemory_seed1,sequence,campaign_logs\sequence_formal_20260323_234654\sequence_formal_P3O-ClosedLoopMemory_seed1.log,C:\Users\33277\AppData\Local\Programs\Python\Python311\python.exe run_sequence_plasticity.py --algo P3O-ClosedLoopMemory --seed 1 --force
sequence_formal_P3O-ClosedLoopMemory_seed2,sequence,campaign_logs\sequence_formal_20260323_234654\sequence_formal_P3O-ClosedLoopMemory_seed2.log,C:\Users\33277\AppData\Local\Programs\Python\Python311\python.exe run_sequence_plasticity.py --algo P3O-ClosedLoopMemory --seed 2 --force
