env,algo,seed,steps,final_avg10,best_avg10,mean_alpha,mean_reset_rate,event_count,force_count,periodic_count,reward_points,run_dir
Hopper-v4,P3O,0,200000,15.908,282.794,0.3518,N/A,0,0,0,3977,C:\Users\33277\Desktop\p3o_runs\Hopper-v4_P3O_seed0_steps200000
Hopper-v4,P3O-ClosedLoopAlpha,0,200000,90.403,215.038,0.36794,0.01544,7,0,0,3686,C:\Users\33277\Desktop\p3o_runs\Hopper-v4_P3O-ClosedLoopAlpha_seed0_steps200000
Hopper-v4,P3O-ClosedLoopFull,0,200000,89.86,206.562,0.44541,0.01633,7,0,0,3996,C:\Users\33277\Desktop\p3o_runs\Hopper-v4_P3O-ClosedLoopFull_seed0_steps200000
Hopper-v4,P3O-dyn+AdaReset,0,200000,128.134,219.294,0.3518,0.01342,0,0,0,3411,C:\Users\33277\Desktop\p3o_runs\Hopper-v4_P3O-dyn+AdaReset_seed0_steps200000
Hopper-v4,P3O-dyn+AdaReset,0,500000,188.652,239.23,0.38072,0.01357,0,0,0,8201,C:\Users\33277\Desktop\p3o_runs\Hopper-v4_P3O-dyn+AdaReset_seed0_steps500000
Hopper-v4,P3O-dyn+AdaReset,1,500000,130.407,194.12,0.38072,0.01448,0,0,0,17533,C:\Users\33277\Desktop\p3o_runs\Hopper-v4_P3O-dyn+AdaReset_seed1_steps500000
Hopper-v4,P3O-dyn+AdaReset+HardDistill,0,200000,77.214,180.746,0.30173,0.0149,0,0,0,4065,C:\Users\33277\Desktop\p3o_runs\Hopper-v4_P3O-dyn+AdaReset+HardDistill_seed0_steps200000
Hopper-v4,P3O-dyn+AdaReset+HardDistill,0,500000,136.344,219.114,0.38072,0.01366,0,0,0,7552,C:\Users\33277\Desktop\p3o_runs\Hopper-v4_P3O-dyn+AdaReset+HardDistill_seed0_steps500000
Hopper-v4,P3O-dyn+AdaReset+HardDistill,1,500000,49.416,278.473,0.38072,0.01386,0,0,0,13831,C:\Users\33277\Desktop\p3o_runs\Hopper-v4_P3O-dyn+AdaReset+HardDistill_seed1_steps500000
Hopper-v4,P3O-dyn+EvtSBP+AdaReset+HardDistill,0,200000,183.322,229.418,0.27447,0.01559,7,0,0,3590,C:\Users\33277\Desktop\p3o_runs\Hopper-v4_P3O-dyn+EvtSBP+AdaReset+HardDistill_seed0_steps200000
Hopper-v4,P3O-dyn+HardDistill,0,500000,36.948,230.844,0.38072,0.01,0,0,0,8371,C:\Users\33277\Desktop\p3o_runs\Hopper-v4_P3O-dyn+HardDistill_seed0_steps500000
Hopper-v4,P3O-dyn+HardDistill,1,500000,72.225,201.583,0.38072,0.01,0,0,0,13205,C:\Users\33277\Desktop\p3o_runs\Hopper-v4_P3O-dyn+HardDistill_seed1_steps500000
Hopper-v4,P3O-dynamic,0,200000,77.97,197.2,0.3518,0.01,0,0,0,3453,C:\Users\33277\Desktop\p3o_runs\Hopper-v4_P3O-dynamic_seed0_steps200000
Hopper-v4,P3O-dynamic,0,500000,20.846,248.706,0.38072,0.01,0,0,0,10990,C:\Users\33277\Desktop\p3o_runs\Hopper-v4_P3O-dynamic_seed0_steps500000
Hopper-v4,P3O-dynamic,1,500000,39.205,192.552,0.38072,0.01,0,0,0,12839,C:\Users\33277\Desktop\p3o_runs\Hopper-v4_P3O-dynamic_seed1_steps500000
Hopper-v4,P3O-static,0,500000,128.735,198.133,0.4,N/A,0,0,0,14776,C:\Users\33277\Desktop\p3o_runs\Hopper-v4_P3O-static_seed0_steps500000
Hopper-v4,P3O-static,1,500000,46.017,148.135,0.4,N/A,0,0,0,17252,C:\Users\33277\Desktop\p3o_runs\Hopper-v4_P3O-static_seed1_steps500000
Hopper-v4,PPO,0,200000,106.874,238.112,N/A,N/A,0,0,0,3640,C:\Users\33277\Desktop\p3o_runs\Hopper-v4_PPO_seed0_steps200000
Hopper-v4,PPO,0,3000000,161.813,168.024,N/A,N/A,0,0,0,9703,C:\Users\33277\Desktop\p3o_runs\Hopper-v4_PPO_seed0_steps3000000
Hopper-v4,PPO,0,500000,121.621,231.323,N/A,N/A,0,0,0,10591,C:\Users\33277\Desktop\p3o_runs\Hopper-v4_PPO_seed0_steps500000
Hopper-v4,PPO,1,500000,116.737,366.752,N/A,N/A,0,0,0,5845,C:\Users\33277\Desktop\p3o_runs\Hopper-v4_PPO_seed1_steps500000
Hopper-v4,PPO+Cycle,0,200000,195.263,225.448,0.4,N/A,0,0,0,4499,C:\Users\33277\Desktop\p3o_runs\Hopper-v4_PPO+Cycle_seed0_steps200000
Hopper-v4,PPO+Cycle,0,500000,97.781,257.463,0.4,N/A,0,0,0,9252,C:\Users\33277\Desktop\p3o_runs\Hopper-v4_PPO+Cycle_seed0_steps500000
Hopper-v4,PPO+Cycle,1,500000,88.035,245.811,0.4,N/A,0,0,0,12221,C:\Users\33277\Desktop\p3o_runs\Hopper-v4_PPO+Cycle_seed1_steps500000
Walker2d-v4,P3O-dyn+AdaReset,0,500000,34.651,241.926,0.38072,0.01353,0,0,0,4967,C:\Users\33277\Desktop\p3o_runs\Walker2d-v4_P3O-dyn+AdaReset_seed0_steps500000
Walker2d-v4,P3O-dyn+AdaReset,1,500000,210.417,313.082,0.38072,0.01296,0,0,0,6253,C:\Users\33277\Desktop\p3o_runs\Walker2d-v4_P3O-dyn+AdaReset_seed1_steps500000
Walker2d-v4,P3O-dyn+AdaReset+HardDistill,0,500000,137.266,297.829,0.38072,0.01382,0,0,0,4133,C:\Users\33277\Desktop\p3o_runs\Walker2d-v4_P3O-dyn+AdaReset+HardDistill_seed0_steps500000
Walker2d-v4,P3O-dyn+AdaReset+HardDistill,1,500000,105.198,328.445,0.38072,0.01216,0,0,0,7963,C:\Users\33277\Desktop\p3o_runs\Walker2d-v4_P3O-dyn+AdaReset+HardDistill_seed1_steps500000
Walker2d-v4,P3O-dyn+HardDistill,0,500000,75.324,217.251,0.38072,0.01,0,0,0,4590,C:\Users\33277\Desktop\p3o_runs\Walker2d-v4_P3O-dyn+HardDistill_seed0_steps500000
Walker2d-v4,P3O-dyn+HardDistill,1,500000,321.819,331.157,0.38072,0.01,0,0,0,4833,C:\Users\33277\Desktop\p3o_runs\Walker2d-v4_P3O-dyn+HardDistill_seed1_steps500000
Walker2d-v4,P3O-dynamic,0,500000,114.183,231.208,0.38072,0.01,0,0,0,5976,C:\Users\33277\Desktop\p3o_runs\Walker2d-v4_P3O-dynamic_seed0_steps500000
Walker2d-v4,P3O-dynamic,1,500000,115.415,163.729,0.38072,0.01,0,0,0,5662,C:\Users\33277\Desktop\p3o_runs\Walker2d-v4_P3O-dynamic_seed1_steps500000
Walker2d-v4,P3O-static,0,500000,76.329,153.283,0.4,N/A,0,0,0,6323,C:\Users\33277\Desktop\p3o_runs\Walker2d-v4_P3O-static_seed0_steps500000
Walker2d-v4,P3O-static,1,500000,180.048,317.789,0.4,N/A,0,0,0,4700,C:\Users\33277\Desktop\p3o_runs\Walker2d-v4_P3O-static_seed1_steps500000
Walker2d-v4,PPO,0,500000,-11.79,55.705,N/A,N/A,0,0,0,10610,C:\Users\33277\Desktop\p3o_runs\Walker2d-v4_PPO_seed0_steps500000
Walker2d-v4,PPO,1,500000,74.668,175.808,N/A,N/A,0,0,0,7285,C:\Users\33277\Desktop\p3o_runs\Walker2d-v4_PPO_seed1_steps500000
Walker2d-v4,PPO+Cycle,0,500000,125.778,187.466,0.4,N/A,0,0,0,5110,C:\Users\33277\Desktop\p3o_runs\Walker2d-v4_PPO+Cycle_seed0_steps500000
Walker2d-v4,PPO+Cycle,1,500000,65.538,238.69,0.4,N/A,0,0,0,5385,C:\Users\33277\Desktop\p3o_runs\Walker2d-v4_PPO+Cycle_seed1_steps500000
