run_dir,algo,sequence,steps_per_phase,seed,phase,train_env,eval_a_reward,eval_a_reference,retention_a,forgetting_a,elapsed_min
sequence_PPO_Hopper-v4_to_Walker2d-v4_to_Hopper-v4_seed0_steps80000,PPO,Hopper-v4 -> Walker2d-v4 -> Hopper-v4,80000,0,1,Hopper-v4,269.559,444.143,0.606918,174.585,0.67
sequence_PPO_Hopper-v4_to_Walker2d-v4_to_Hopper-v4_seed0_steps80000,PPO,Hopper-v4 -> Walker2d-v4 -> Hopper-v4,80000,0,2,Walker2d-v4,88.226,444.143,0.198642,355.918,1.35
sequence_PPO_Hopper-v4_to_Walker2d-v4_to_Hopper-v4_seed0_steps80000,PPO,Hopper-v4 -> Walker2d-v4 -> Hopper-v4,80000,0,3,Hopper-v4,210.744,444.143,0.474494,233.4,2.04
sequence_PPO_Hopper-v4_to_Walker2d-v4_to_Hopper-v4_seed1_steps80000,PPO,Hopper-v4 -> Walker2d-v4 -> Hopper-v4,80000,1,1,Hopper-v4,71.717,198.331,0.361603,126.614,0.7
sequence_PPO_Hopper-v4_to_Walker2d-v4_to_Hopper-v4_seed1_steps80000,PPO,Hopper-v4 -> Walker2d-v4 -> Hopper-v4,80000,1,2,Walker2d-v4,52.459,198.331,0.2645,145.873,1.43
sequence_PPO_Hopper-v4_to_Walker2d-v4_to_Hopper-v4_seed1_steps80000,PPO,Hopper-v4 -> Walker2d-v4 -> Hopper-v4,80000,1,3,Hopper-v4,44.384,198.331,0.223786,153.948,2.15
sequence_PPO_Hopper-v4_to_Walker2d-v4_to_Hopper-v4_seed2_steps80000,PPO,Hopper-v4 -> Walker2d-v4 -> Hopper-v4,80000,2,1,Hopper-v4,62.114,103.362,0.600937,41.248,0.72
sequence_PPO_Hopper-v4_to_Walker2d-v4_to_Hopper-v4_seed2_steps80000,PPO,Hopper-v4 -> Walker2d-v4 -> Hopper-v4,80000,2,2,Walker2d-v4,57.202,103.362,0.553417,46.16,1.48
sequence_PPO_Hopper-v4_to_Walker2d-v4_to_Hopper-v4_seed2_steps80000,PPO,Hopper-v4 -> Walker2d-v4 -> Hopper-v4,80000,2,3,Hopper-v4,50.544,103.362,0.489,52.818,2.21
sequence_PPO_Hopper-v4_to_Walker2d-v4_to_Hopper-v4_seed3_steps80000,PPO,Hopper-v4 -> Walker2d-v4 -> Hopper-v4,80000,3,1,Hopper-v4,214.853,216.072,0.994357,1.219,0.77
sequence_PPO_Hopper-v4_to_Walker2d-v4_to_Hopper-v4_seed3_steps80000,PPO,Hopper-v4 -> Walker2d-v4 -> Hopper-v4,80000,3,2,Walker2d-v4,52.681,216.072,0.243814,163.391,1.43
sequence_PPO_Hopper-v4_to_Walker2d-v4_to_Hopper-v4_seed3_steps80000,PPO,Hopper-v4 -> Walker2d-v4 -> Hopper-v4,80000,3,3,Hopper-v4,55.281,216.072,0.255844,160.791,2.13
sequence_PPO_Hopper-v4_to_Walker2d-v4_to_Hopper-v4_seed4_steps80000,PPO,Hopper-v4 -> Walker2d-v4 -> Hopper-v4,80000,4,1,Hopper-v4,83.388,148.037,0.563293,64.649,0.66
sequence_PPO_Hopper-v4_to_Walker2d-v4_to_Hopper-v4_seed4_steps80000,PPO,Hopper-v4 -> Walker2d-v4 -> Hopper-v4,80000,4,2,Walker2d-v4,74.699,148.037,0.504597,73.338,1.35
sequence_PPO_Hopper-v4_to_Walker2d-v4_to_Hopper-v4_seed4_steps80000,PPO,Hopper-v4 -> Walker2d-v4 -> Hopper-v4,80000,4,3,Hopper-v4,216.925,148.037,1.465339,0.0,2.03
sequence_PPO_Hopper-v4_to_Walker2d-v4_to_Hopper-v4_seed5_steps80000,PPO,Hopper-v4 -> Walker2d-v4 -> Hopper-v4,80000,5,1,Hopper-v4,157.213,207.38,0.758095,50.166,0.8
sequence_PPO_Hopper-v4_to_Walker2d-v4_to_Hopper-v4_seed5_steps80000,PPO,Hopper-v4 -> Walker2d-v4 -> Hopper-v4,80000,5,2,Walker2d-v4,70.041,207.38,0.337744,137.338,1.65
sequence_PPO_Hopper-v4_to_Walker2d-v4_to_Hopper-v4_seed5_steps80000,PPO,Hopper-v4 -> Walker2d-v4 -> Hopper-v4,80000,5,3,Hopper-v4,167.925,207.38,0.809745,39.455,2.47
sequence_PPO_Hopper-v4_to_Walker2d-v4_to_Hopper-v4_seed6_steps80000,PPO,Hopper-v4 -> Walker2d-v4 -> Hopper-v4,80000,6,1,Hopper-v4,55.685,75.538,0.737176,19.853,0.8
sequence_PPO_Hopper-v4_to_Walker2d-v4_to_Hopper-v4_seed6_steps80000,PPO,Hopper-v4 -> Walker2d-v4 -> Hopper-v4,80000,6,2,Walker2d-v4,51.537,75.538,0.682272,24.001,1.64
sequence_PPO_Hopper-v4_to_Walker2d-v4_to_Hopper-v4_seed6_steps80000,PPO,Hopper-v4 -> Walker2d-v4 -> Hopper-v4,80000,6,3,Hopper-v4,81.264,75.538,1.075802,0.0,2.48
sequence_PPO_Hopper-v4_to_Walker2d-v4_to_Hopper-v4_seed7_steps80000,PPO,Hopper-v4 -> Walker2d-v4 -> Hopper-v4,80000,7,1,Hopper-v4,205.99,266.566,0.772753,60.576,0.82
sequence_PPO_Hopper-v4_to_Walker2d-v4_to_Hopper-v4_seed7_steps80000,PPO,Hopper-v4 -> Walker2d-v4 -> Hopper-v4,80000,7,2,Walker2d-v4,107.97,266.566,0.40504,158.596,1.67
sequence_PPO_Hopper-v4_to_Walker2d-v4_to_Hopper-v4_seed7_steps80000,PPO,Hopper-v4 -> Walker2d-v4 -> Hopper-v4,80000,7,3,Hopper-v4,227.486,266.566,0.853395,39.08,2.5
sequence_PPO_Hopper-v4_to_Walker2d-v4_to_Hopper-v4_seed8_steps80000,PPO,Hopper-v4 -> Walker2d-v4 -> Hopper-v4,80000,8,1,Hopper-v4,63.257,137.275,0.460801,74.019,0.9
sequence_PPO_Hopper-v4_to_Walker2d-v4_to_Hopper-v4_seed8_steps80000,PPO,Hopper-v4 -> Walker2d-v4 -> Hopper-v4,80000,8,2,Walker2d-v4,63.187,137.275,0.460293,74.088,1.72
sequence_PPO_Hopper-v4_to_Walker2d-v4_to_Hopper-v4_seed8_steps80000,PPO,Hopper-v4 -> Walker2d-v4 -> Hopper-v4,80000,8,3,Hopper-v4,90.211,137.275,0.657153,47.064,2.56
sequence_PPO_Hopper-v4_to_Walker2d-v4_to_Hopper-v4_seed9_steps80000,PPO,Hopper-v4 -> Walker2d-v4 -> Hopper-v4,80000,9,1,Hopper-v4,77.834,954.34,0.081558,876.506,0.99
sequence_PPO_Hopper-v4_to_Walker2d-v4_to_Hopper-v4_seed9_steps80000,PPO,Hopper-v4 -> Walker2d-v4 -> Hopper-v4,80000,9,2,Walker2d-v4,50.877,954.34,0.053311,903.463,1.85
sequence_PPO_Hopper-v4_to_Walker2d-v4_to_Hopper-v4_seed9_steps80000,PPO,Hopper-v4 -> Walker2d-v4 -> Hopper-v4,80000,9,3,Hopper-v4,54.017,954.34,0.056602,900.322,2.7
sequence_P3O_Hopper-v4_to_Walker2d-v4_to_Hopper-v4_seed0_steps80000,P3O,Hopper-v4 -> Walker2d-v4 -> Hopper-v4,80000,0,1,Hopper-v4,113.97,444.143,0.256607,330.173,0.68
sequence_P3O_Hopper-v4_to_Walker2d-v4_to_Hopper-v4_seed0_steps80000,P3O,Hopper-v4 -> Walker2d-v4 -> Hopper-v4,80000,0,2,Walker2d-v4,77.204,444.143,0.173827,366.939,1.32
sequence_P3O_Hopper-v4_to_Walker2d-v4_to_Hopper-v4_seed0_steps80000,P3O,Hopper-v4 -> Walker2d-v4 -> Hopper-v4,80000,0,3,Hopper-v4,213.952,444.143,0.481718,230.191,1.97
sequence_P3O_Hopper-v4_to_Walker2d-v4_to_Hopper-v4_seed1_steps80000,P3O,Hopper-v4 -> Walker2d-v4 -> Hopper-v4,80000,1,1,Hopper-v4,206.833,206.707,1.000612,0.0,0.64
sequence_P3O_Hopper-v4_to_Walker2d-v4_to_Hopper-v4_seed1_steps80000,P3O,Hopper-v4 -> Walker2d-v4 -> Hopper-v4,80000,1,2,Walker2d-v4,53.853,206.707,0.26053,152.853,1.32
sequence_P3O_Hopper-v4_to_Walker2d-v4_to_Hopper-v4_seed1_steps80000,P3O,Hopper-v4 -> Walker2d-v4 -> Hopper-v4,80000,1,3,Hopper-v4,40.379,206.707,0.195343,166.328,2.0
sequence_P3O_Hopper-v4_to_Walker2d-v4_to_Hopper-v4_seed2_steps80000,P3O,Hopper-v4 -> Walker2d-v4 -> Hopper-v4,80000,2,1,Hopper-v4,113.069,121.269,0.932385,8.2,0.66
sequence_P3O_Hopper-v4_to_Walker2d-v4_to_Hopper-v4_seed2_steps80000,P3O,Hopper-v4 -> Walker2d-v4 -> Hopper-v4,80000,2,2,Walker2d-v4,63.209,121.269,0.521232,58.06,1.34
sequence_P3O_Hopper-v4_to_Walker2d-v4_to_Hopper-v4_seed2_steps80000,P3O,Hopper-v4 -> Walker2d-v4 -> Hopper-v4,80000,2,3,Hopper-v4,23.646,121.269,0.194992,97.622,2.03
sequence_P3O_Hopper-v4_to_Walker2d-v4_to_Hopper-v4_seed3_steps80000,P3O,Hopper-v4 -> Walker2d-v4 -> Hopper-v4,80000,3,1,Hopper-v4,105.849,251.207,0.421364,145.357,0.79
sequence_P3O_Hopper-v4_to_Walker2d-v4_to_Hopper-v4_seed3_steps80000,P3O,Hopper-v4 -> Walker2d-v4 -> Hopper-v4,80000,3,2,Walker2d-v4,49.868,251.207,0.198514,201.339,1.47
sequence_P3O_Hopper-v4_to_Walker2d-v4_to_Hopper-v4_seed3_steps80000,P3O,Hopper-v4 -> Walker2d-v4 -> Hopper-v4,80000,3,3,Hopper-v4,52.793,251.207,0.210159,198.413,2.17
sequence_P3O_Hopper-v4_to_Walker2d-v4_to_Hopper-v4_seed4_steps80000,P3O,Hopper-v4 -> Walker2d-v4 -> Hopper-v4,80000,4,1,Hopper-v4,183.247,242.847,0.754576,59.601,0.68
sequence_P3O_Hopper-v4_to_Walker2d-v4_to_Hopper-v4_seed4_steps80000,P3O,Hopper-v4 -> Walker2d-v4 -> Hopper-v4,80000,4,2,Walker2d-v4,62.535,242.847,0.257507,180.312,1.35
sequence_P3O_Hopper-v4_to_Walker2d-v4_to_Hopper-v4_seed4_steps80000,P3O,Hopper-v4 -> Walker2d-v4 -> Hopper-v4,80000,4,3,Hopper-v4,62.287,242.847,0.256484,180.561,2.04
sequence_P3O_Hopper-v4_to_Walker2d-v4_to_Hopper-v4_seed5_steps80000,P3O,Hopper-v4 -> Walker2d-v4 -> Hopper-v4,80000,5,1,Hopper-v4,201.141,214.976,0.935643,13.835,0.86
sequence_P3O_Hopper-v4_to_Walker2d-v4_to_Hopper-v4_seed5_steps80000,P3O,Hopper-v4 -> Walker2d-v4 -> Hopper-v4,80000,5,2,Walker2d-v4,61.217,214.976,0.284763,153.759,1.74
sequence_P3O_Hopper-v4_to_Walker2d-v4_to_Hopper-v4_seed5_steps80000,P3O,Hopper-v4 -> Walker2d-v4 -> Hopper-v4,80000,5,3,Hopper-v4,216.614,214.976,1.007618,0.0,2.58
sequence_P3O_Hopper-v4_to_Walker2d-v4_to_Hopper-v4_seed6_steps80000,P3O,Hopper-v4 -> Walker2d-v4 -> Hopper-v4,80000,6,1,Hopper-v4,71.132,77.991,0.912052,6.859,0.84
sequence_P3O_Hopper-v4_to_Walker2d-v4_to_Hopper-v4_seed6_steps80000,P3O,Hopper-v4 -> Walker2d-v4 -> Hopper-v4,80000,6,2,Walker2d-v4,41.612,77.991,0.533542,36.38,1.67
sequence_P3O_Hopper-v4_to_Walker2d-v4_to_Hopper-v4_seed6_steps80000,P3O,Hopper-v4 -> Walker2d-v4 -> Hopper-v4,80000,6,3,Hopper-v4,105.479,77.991,1.352449,0.0,2.53
sequence_P3O_Hopper-v4_to_Walker2d-v4_to_Hopper-v4_seed7_steps80000,P3O,Hopper-v4 -> Walker2d-v4 -> Hopper-v4,80000,7,1,Hopper-v4,73.272,527.836,0.138817,454.564,0.82
sequence_P3O_Hopper-v4_to_Walker2d-v4_to_Hopper-v4_seed7_steps80000,P3O,Hopper-v4 -> Walker2d-v4 -> Hopper-v4,80000,7,2,Walker2d-v4,54.536,527.836,0.103319,473.301,1.7
sequence_P3O_Hopper-v4_to_Walker2d-v4_to_Hopper-v4_seed7_steps80000,P3O,Hopper-v4 -> Walker2d-v4 -> Hopper-v4,80000,7,3,Hopper-v4,52.568,527.836,0.099591,475.268,2.56
sequence_P3O_Hopper-v4_to_Walker2d-v4_to_Hopper-v4_seed8_steps80000,P3O,Hopper-v4 -> Walker2d-v4 -> Hopper-v4,80000,8,1,Hopper-v4,224.608,278.816,0.805577,54.208,0.89
sequence_P3O_Hopper-v4_to_Walker2d-v4_to_Hopper-v4_seed8_steps80000,P3O,Hopper-v4 -> Walker2d-v4 -> Hopper-v4,80000,8,2,Walker2d-v4,20.676,278.816,0.074156,258.14,1.74
sequence_P3O_Hopper-v4_to_Walker2d-v4_to_Hopper-v4_seed8_steps80000,P3O,Hopper-v4 -> Walker2d-v4 -> Hopper-v4,80000,8,3,Hopper-v4,64.303,278.816,0.230628,214.513,2.53
sequence_P3O_Hopper-v4_to_Walker2d-v4_to_Hopper-v4_seed9_steps80000,P3O,Hopper-v4 -> Walker2d-v4 -> Hopper-v4,80000,9,1,Hopper-v4,643.36,1025.325,0.62747,381.964,0.93
sequence_P3O_Hopper-v4_to_Walker2d-v4_to_Hopper-v4_seed9_steps80000,P3O,Hopper-v4 -> Walker2d-v4 -> Hopper-v4,80000,9,2,Walker2d-v4,73.647,1025.325,0.071828,951.678,1.78
sequence_P3O_Hopper-v4_to_Walker2d-v4_to_Hopper-v4_seed9_steps80000,P3O,Hopper-v4 -> Walker2d-v4 -> Hopper-v4,80000,9,3,Hopper-v4,269.341,1025.325,0.262689,755.983,2.59
sequence_P3O-ClosedLoopFull_Hopper-v4_to_Walker2d-v4_to_Hopper-v4_seed0_steps80000,P3O-ClosedLoopFull,Hopper-v4 -> Walker2d-v4 -> Hopper-v4,80000,0,1,Hopper-v4,196.229,444.143,0.441815,247.914,0.67
sequence_P3O-ClosedLoopFull_Hopper-v4_to_Walker2d-v4_to_Hopper-v4_seed0_steps80000,P3O-ClosedLoopFull,Hopper-v4 -> Walker2d-v4 -> Hopper-v4,80000,0,2,Walker2d-v4,-0.205,444.143,-0.000462,444.348,1.33
sequence_P3O-ClosedLoopFull_Hopper-v4_to_Walker2d-v4_to_Hopper-v4_seed0_steps80000,P3O-ClosedLoopFull,Hopper-v4 -> Walker2d-v4 -> Hopper-v4,80000,0,3,Hopper-v4,230.176,444.143,0.518247,213.968,2.05
sequence_P3O-ClosedLoopFull_Hopper-v4_to_Walker2d-v4_to_Hopper-v4_seed1_steps80000,P3O-ClosedLoopFull,Hopper-v4 -> Walker2d-v4 -> Hopper-v4,80000,1,1,Hopper-v4,105.541,198.331,0.532143,92.791,0.65
sequence_P3O-ClosedLoopFull_Hopper-v4_to_Walker2d-v4_to_Hopper-v4_seed1_steps80000,P3O-ClosedLoopFull,Hopper-v4 -> Walker2d-v4 -> Hopper-v4,80000,1,2,Walker2d-v4,49.363,198.331,0.248892,148.968,1.33
sequence_P3O-ClosedLoopFull_Hopper-v4_to_Walker2d-v4_to_Hopper-v4_seed1_steps80000,P3O-ClosedLoopFull,Hopper-v4 -> Walker2d-v4 -> Hopper-v4,80000,1,3,Hopper-v4,38.872,198.331,0.195993,159.46,1.99
sequence_P3O-ClosedLoopFull_Hopper-v4_to_Walker2d-v4_to_Hopper-v4_seed2_steps80000,P3O-ClosedLoopFull,Hopper-v4 -> Walker2d-v4 -> Hopper-v4,80000,2,1,Hopper-v4,71.387,118.794,0.600928,47.408,0.65
sequence_P3O-ClosedLoopFull_Hopper-v4_to_Walker2d-v4_to_Hopper-v4_seed2_steps80000,P3O-ClosedLoopFull,Hopper-v4 -> Walker2d-v4 -> Hopper-v4,80000,2,2,Walker2d-v4,61.951,118.794,0.521501,56.843,1.31
sequence_P3O-ClosedLoopFull_Hopper-v4_to_Walker2d-v4_to_Hopper-v4_seed2_steps80000,P3O-ClosedLoopFull,Hopper-v4 -> Walker2d-v4 -> Hopper-v4,80000,2,3,Hopper-v4,56.833,118.794,0.478418,61.961,1.98
sequence_P3O-ClosedLoopFull_Hopper-v4_to_Walker2d-v4_to_Hopper-v4_seed3_steps80000,P3O-ClosedLoopFull,Hopper-v4 -> Walker2d-v4 -> Hopper-v4,80000,3,1,Hopper-v4,240.611,264.337,0.910244,23.726,0.69
sequence_P3O-ClosedLoopFull_Hopper-v4_to_Walker2d-v4_to_Hopper-v4_seed3_steps80000,P3O-ClosedLoopFull,Hopper-v4 -> Walker2d-v4 -> Hopper-v4,80000,3,2,Walker2d-v4,39.187,264.337,0.148245,225.151,1.39
sequence_P3O-ClosedLoopFull_Hopper-v4_to_Walker2d-v4_to_Hopper-v4_seed3_steps80000,P3O-ClosedLoopFull,Hopper-v4 -> Walker2d-v4 -> Hopper-v4,80000,3,3,Hopper-v4,38.413,264.337,0.145318,225.924,2.1
sequence_P3O-ClosedLoopFull_Hopper-v4_to_Walker2d-v4_to_Hopper-v4_seed4_steps80000,P3O-ClosedLoopFull,Hopper-v4 -> Walker2d-v4 -> Hopper-v4,80000,4,1,Hopper-v4,167.976,168.439,0.99725,0.463,0.67
sequence_P3O-ClosedLoopFull_Hopper-v4_to_Walker2d-v4_to_Hopper-v4_seed4_steps80000,P3O-ClosedLoopFull,Hopper-v4 -> Walker2d-v4 -> Hopper-v4,80000,4,2,Walker2d-v4,52.869,168.439,0.313876,115.57,1.37
sequence_P3O-ClosedLoopFull_Hopper-v4_to_Walker2d-v4_to_Hopper-v4_seed4_steps80000,P3O-ClosedLoopFull,Hopper-v4 -> Walker2d-v4 -> Hopper-v4,80000,4,3,Hopper-v4,136.729,168.439,0.811744,31.71,2.04
sequence_P3O-ClosedLoopFull_Hopper-v4_to_Walker2d-v4_to_Hopper-v4_seed5_steps80000,P3O-ClosedLoopFull,Hopper-v4 -> Walker2d-v4 -> Hopper-v4,80000,5,1,Hopper-v4,43.745,214.884,0.203576,171.139,0.77
sequence_P3O-ClosedLoopFull_Hopper-v4_to_Walker2d-v4_to_Hopper-v4_seed5_steps80000,P3O-ClosedLoopFull,Hopper-v4 -> Walker2d-v4 -> Hopper-v4,80000,5,2,Walker2d-v4,18.921,214.884,0.08805,195.963,1.52
sequence_P3O-ClosedLoopFull_Hopper-v4_to_Walker2d-v4_to_Hopper-v4_seed5_steps80000,P3O-ClosedLoopFull,Hopper-v4 -> Walker2d-v4 -> Hopper-v4,80000,5,3,Hopper-v4,18.712,214.884,0.087081,196.171,2.26
sequence_P3O-ClosedLoopFull_Hopper-v4_to_Walker2d-v4_to_Hopper-v4_seed6_steps80000,P3O-ClosedLoopFull,Hopper-v4 -> Walker2d-v4 -> Hopper-v4,80000,6,1,Hopper-v4,88.548,95.233,0.929804,6.685,0.76
sequence_P3O-ClosedLoopFull_Hopper-v4_to_Walker2d-v4_to_Hopper-v4_seed6_steps80000,P3O-ClosedLoopFull,Hopper-v4 -> Walker2d-v4 -> Hopper-v4,80000,6,2,Walker2d-v4,86.905,95.233,0.912549,8.328,1.53
sequence_P3O-ClosedLoopFull_Hopper-v4_to_Walker2d-v4_to_Hopper-v4_seed6_steps80000,P3O-ClosedLoopFull,Hopper-v4 -> Walker2d-v4 -> Hopper-v4,80000,6,3,Hopper-v4,116.903,95.233,1.227547,0.0,2.28
sequence_P3O-ClosedLoopFull_Hopper-v4_to_Walker2d-v4_to_Hopper-v4_seed7_steps80000,P3O-ClosedLoopFull,Hopper-v4 -> Walker2d-v4 -> Hopper-v4,80000,7,1,Hopper-v4,87.201,246.187,0.354205,158.986,0.75
sequence_P3O-ClosedLoopFull_Hopper-v4_to_Walker2d-v4_to_Hopper-v4_seed7_steps80000,P3O-ClosedLoopFull,Hopper-v4 -> Walker2d-v4 -> Hopper-v4,80000,7,2,Walker2d-v4,68.735,246.187,0.279198,177.452,1.5
sequence_P3O-ClosedLoopFull_Hopper-v4_to_Walker2d-v4_to_Hopper-v4_seed7_steps80000,P3O-ClosedLoopFull,Hopper-v4 -> Walker2d-v4 -> Hopper-v4,80000,7,3,Hopper-v4,70.659,246.187,0.287013,175.528,2.25
sequence_P3O-ClosedLoopFull_Hopper-v4_to_Walker2d-v4_to_Hopper-v4_seed8_steps80000,P3O-ClosedLoopFull,Hopper-v4 -> Walker2d-v4 -> Hopper-v4,80000,8,1,Hopper-v4,78.043,144.736,0.539212,66.693,0.76
sequence_P3O-ClosedLoopFull_Hopper-v4_to_Walker2d-v4_to_Hopper-v4_seed8_steps80000,P3O-ClosedLoopFull,Hopper-v4 -> Walker2d-v4 -> Hopper-v4,80000,8,2,Walker2d-v4,28.707,144.736,0.198343,116.029,1.53
sequence_P3O-ClosedLoopFull_Hopper-v4_to_Walker2d-v4_to_Hopper-v4_seed8_steps80000,P3O-ClosedLoopFull,Hopper-v4 -> Walker2d-v4 -> Hopper-v4,80000,8,3,Hopper-v4,64.318,144.736,0.444382,80.418,2.32
sequence_P3O-ClosedLoopFull_Hopper-v4_to_Walker2d-v4_to_Hopper-v4_seed9_steps80000,P3O-ClosedLoopFull,Hopper-v4 -> Walker2d-v4 -> Hopper-v4,80000,9,1,Hopper-v4,88.965,954.34,0.093222,865.374,0.79
sequence_P3O-ClosedLoopFull_Hopper-v4_to_Walker2d-v4_to_Hopper-v4_seed9_steps80000,P3O-ClosedLoopFull,Hopper-v4 -> Walker2d-v4 -> Hopper-v4,80000,9,2,Walker2d-v4,71.151,954.34,0.074555,883.189,1.56
sequence_P3O-ClosedLoopFull_Hopper-v4_to_Walker2d-v4_to_Hopper-v4_seed9_steps80000,P3O-ClosedLoopFull,Hopper-v4 -> Walker2d-v4 -> Hopper-v4,80000,9,3,Hopper-v4,125.419,954.34,0.131419,828.921,2.33
sequence_P3O-ClosedLoopFull_Hopper-v4_to_Walker2d-v4_to_Hopper-v4_seed10_steps80000,P3O-ClosedLoopFull,Hopper-v4 -> Walker2d-v4 -> Hopper-v4,80000,10,1,Hopper-v4,211.317,210.917,1.001897,0.0,0.69
sequence_P3O-ClosedLoopFull_Hopper-v4_to_Walker2d-v4_to_Hopper-v4_seed10_steps80000,P3O-ClosedLoopFull,Hopper-v4 -> Walker2d-v4 -> Hopper-v4,80000,10,2,Walker2d-v4,65.585,210.917,0.310952,145.332,1.37
sequence_P3O-ClosedLoopFull_Hopper-v4_to_Walker2d-v4_to_Hopper-v4_seed10_steps80000,P3O-ClosedLoopFull,Hopper-v4 -> Walker2d-v4 -> Hopper-v4,80000,10,3,Hopper-v4,68.952,210.917,0.326914,141.965,2.06
sequence_P3O-ClosedLoopFull_Hopper-v4_to_Walker2d-v4_to_Hopper-v4_seed11_steps80000,P3O-ClosedLoopFull,Hopper-v4 -> Walker2d-v4 -> Hopper-v4,80000,11,1,Hopper-v4,151.427,380.226,0.398255,228.799,0.67
sequence_P3O-ClosedLoopFull_Hopper-v4_to_Walker2d-v4_to_Hopper-v4_seed11_steps80000,P3O-ClosedLoopFull,Hopper-v4 -> Walker2d-v4 -> Hopper-v4,80000,11,2,Walker2d-v4,65.127,380.226,0.171285,315.1,1.42
sequence_P3O-ClosedLoopFull_Hopper-v4_to_Walker2d-v4_to_Hopper-v4_seed11_steps80000,P3O-ClosedLoopFull,Hopper-v4 -> Walker2d-v4 -> Hopper-v4,80000,11,3,Hopper-v4,62.928,380.226,0.165502,317.298,2.13
sequence_P3O-ClosedLoopFull_Hopper-v4_to_Walker2d-v4_to_Hopper-v4_seed12_steps80000,P3O-ClosedLoopFull,Hopper-v4 -> Walker2d-v4 -> Hopper-v4,80000,12,1,Hopper-v4,175.347,178.838,0.980482,3.491,0.68
sequence_P3O-ClosedLoopFull_Hopper-v4_to_Walker2d-v4_to_Hopper-v4_seed12_steps80000,P3O-ClosedLoopFull,Hopper-v4 -> Walker2d-v4 -> Hopper-v4,80000,12,2,Walker2d-v4,8.023,178.838,0.044861,170.815,1.36
sequence_P3O-ClosedLoopFull_Hopper-v4_to_Walker2d-v4_to_Hopper-v4_seed12_steps80000,P3O-ClosedLoopFull,Hopper-v4 -> Walker2d-v4 -> Hopper-v4,80000,12,3,Hopper-v4,61.445,178.838,0.343581,117.393,2.06
sequence_P3O-ClosedLoopFull_Hopper-v4_to_Walker2d-v4_to_Hopper-v4_seed13_steps80000,P3O-ClosedLoopFull,Hopper-v4 -> Walker2d-v4 -> Hopper-v4,80000,13,1,Hopper-v4,86.676,99.901,0.867625,13.224,0.67
sequence_P3O-ClosedLoopFull_Hopper-v4_to_Walker2d-v4_to_Hopper-v4_seed13_steps80000,P3O-ClosedLoopFull,Hopper-v4 -> Walker2d-v4 -> Hopper-v4,80000,13,2,Walker2d-v4,41.111,99.901,0.411518,58.79,1.35
sequence_P3O-ClosedLoopFull_Hopper-v4_to_Walker2d-v4_to_Hopper-v4_seed13_steps80000,P3O-ClosedLoopFull,Hopper-v4 -> Walker2d-v4 -> Hopper-v4,80000,13,3,Hopper-v4,47.568,99.901,0.476149,52.333,2.08
sequence_P3O-ClosedLoopFull_Hopper-v4_to_Walker2d-v4_to_Hopper-v4_seed14_steps80000,P3O-ClosedLoopFull,Hopper-v4 -> Walker2d-v4 -> Hopper-v4,80000,14,1,Hopper-v4,80.561,123.146,0.654192,42.585,0.69
sequence_P3O-ClosedLoopFull_Hopper-v4_to_Walker2d-v4_to_Hopper-v4_seed14_steps80000,P3O-ClosedLoopFull,Hopper-v4 -> Walker2d-v4 -> Hopper-v4,80000,14,2,Walker2d-v4,14.198,123.146,0.115298,108.947,1.37
sequence_P3O-ClosedLoopFull_Hopper-v4_to_Walker2d-v4_to_Hopper-v4_seed14_steps80000,P3O-ClosedLoopFull,Hopper-v4 -> Walker2d-v4 -> Hopper-v4,80000,14,3,Hopper-v4,136.965,123.146,1.112224,0.0,2.06
sequence_P3O-ClosedLoopFull_Hopper-v4_to_Walker2d-v4_to_Hopper-v4_seed15_steps80000,P3O-ClosedLoopFull,Hopper-v4 -> Walker2d-v4 -> Hopper-v4,80000,15,1,Hopper-v4,78.871,104.637,0.753762,25.766,0.68
sequence_P3O-ClosedLoopFull_Hopper-v4_to_Walker2d-v4_to_Hopper-v4_seed15_steps80000,P3O-ClosedLoopFull,Hopper-v4 -> Walker2d-v4 -> Hopper-v4,80000,15,2,Walker2d-v4,29.265,104.637,0.27968,75.372,1.36
sequence_P3O-ClosedLoopFull_Hopper-v4_to_Walker2d-v4_to_Hopper-v4_seed15_steps80000,P3O-ClosedLoopFull,Hopper-v4 -> Walker2d-v4 -> Hopper-v4,80000,15,3,Hopper-v4,53.751,104.637,0.513695,50.885,2.03
sequence_P3O-ClosedLoopFull_Hopper-v4_to_Walker2d-v4_to_Hopper-v4_seed16_steps80000,P3O-ClosedLoopFull,Hopper-v4 -> Walker2d-v4 -> Hopper-v4,80000,16,1,Hopper-v4,73.671,120.455,0.611608,46.784,0.67
sequence_P3O-ClosedLoopFull_Hopper-v4_to_Walker2d-v4_to_Hopper-v4_seed16_steps80000,P3O-ClosedLoopFull,Hopper-v4 -> Walker2d-v4 -> Hopper-v4,80000,16,2,Walker2d-v4,45.798,120.455,0.380206,74.657,1.37
sequence_P3O-ClosedLoopFull_Hopper-v4_to_Walker2d-v4_to_Hopper-v4_seed16_steps80000,P3O-ClosedLoopFull,Hopper-v4 -> Walker2d-v4 -> Hopper-v4,80000,16,3,Hopper-v4,44.12,120.455,0.36628,76.335,2.05
sequence_P3O-ClosedLoopFull_Hopper-v4_to_Walker2d-v4_to_Hopper-v4_seed17_steps80000,P3O-ClosedLoopFull,Hopper-v4 -> Walker2d-v4 -> Hopper-v4,80000,17,1,Hopper-v4,225.015,227.23,0.990249,2.216,0.69
sequence_P3O-ClosedLoopFull_Hopper-v4_to_Walker2d-v4_to_Hopper-v4_seed17_steps80000,P3O-ClosedLoopFull,Hopper-v4 -> Walker2d-v4 -> Hopper-v4,80000,17,2,Walker2d-v4,13.722,227.23,0.060388,213.508,1.36
sequence_P3O-ClosedLoopFull_Hopper-v4_to_Walker2d-v4_to_Hopper-v4_seed17_steps80000,P3O-ClosedLoopFull,Hopper-v4 -> Walker2d-v4 -> Hopper-v4,80000,17,3,Hopper-v4,62.7,227.23,0.275933,164.53,2.03
sequence_P3O-ClosedLoopFull_Hopper-v4_to_Walker2d-v4_to_Hopper-v4_seed18_steps80000,P3O-ClosedLoopFull,Hopper-v4 -> Walker2d-v4 -> Hopper-v4,80000,18,1,Hopper-v4,84.573,106.658,0.792937,22.085,0.68
sequence_P3O-ClosedLoopFull_Hopper-v4_to_Walker2d-v4_to_Hopper-v4_seed18_steps80000,P3O-ClosedLoopFull,Hopper-v4 -> Walker2d-v4 -> Hopper-v4,80000,18,2,Walker2d-v4,43.6,106.658,0.408789,63.057,1.36
sequence_P3O-ClosedLoopFull_Hopper-v4_to_Walker2d-v4_to_Hopper-v4_seed18_steps80000,P3O-ClosedLoopFull,Hopper-v4 -> Walker2d-v4 -> Hopper-v4,80000,18,3,Hopper-v4,48.191,106.658,0.451828,58.467,2.04
sequence_P3O-ClosedLoopFull_Hopper-v4_to_Walker2d-v4_to_Hopper-v4_seed19_steps80000,P3O-ClosedLoopFull,Hopper-v4 -> Walker2d-v4 -> Hopper-v4,80000,19,1,Hopper-v4,79.808,89.443,0.892282,9.635,0.66
sequence_P3O-ClosedLoopFull_Hopper-v4_to_Walker2d-v4_to_Hopper-v4_seed19_steps80000,P3O-ClosedLoopFull,Hopper-v4 -> Walker2d-v4 -> Hopper-v4,80000,19,2,Walker2d-v4,66.328,89.443,0.741572,23.114,1.38
sequence_P3O-ClosedLoopFull_Hopper-v4_to_Walker2d-v4_to_Hopper-v4_seed19_steps80000,P3O-ClosedLoopFull,Hopper-v4 -> Walker2d-v4 -> Hopper-v4,80000,19,3,Hopper-v4,86.558,89.443,0.96775,2.885,2.03
sequence_P3O-ClosedLoopMemory_Hopper-v4_to_Walker2d-v4_to_Hopper-v4_seed0_steps80000,P3O-ClosedLoopMemory,Hopper-v4 -> Walker2d-v4 -> Hopper-v4,80000,0,1,Hopper-v4,121.891,514.968,0.236696,393.077,0.69
sequence_P3O-ClosedLoopMemory_Hopper-v4_to_Walker2d-v4_to_Hopper-v4_seed0_steps80000,P3O-ClosedLoopMemory,Hopper-v4 -> Walker2d-v4 -> Hopper-v4,80000,0,2,Walker2d-v4,145.903,514.968,0.283324,369.066,1.38
sequence_P3O-ClosedLoopMemory_Hopper-v4_to_Walker2d-v4_to_Hopper-v4_seed0_steps80000,P3O-ClosedLoopMemory,Hopper-v4 -> Walker2d-v4 -> Hopper-v4,80000,0,3,Hopper-v4,838.349,514.968,1.627963,0.0,2.1
sequence_P3O-ClosedLoopMemory_Hopper-v4_to_Walker2d-v4_to_Hopper-v4_seed1_steps80000,P3O-ClosedLoopMemory,Hopper-v4 -> Walker2d-v4 -> Hopper-v4,80000,1,1,Hopper-v4,94.473,201.548,0.468738,107.075,0.67
sequence_P3O-ClosedLoopMemory_Hopper-v4_to_Walker2d-v4_to_Hopper-v4_seed1_steps80000,P3O-ClosedLoopMemory,Hopper-v4 -> Walker2d-v4 -> Hopper-v4,80000,1,2,Walker2d-v4,48.167,201.548,0.238987,153.381,1.39
sequence_P3O-ClosedLoopMemory_Hopper-v4_to_Walker2d-v4_to_Hopper-v4_seed1_steps80000,P3O-ClosedLoopMemory,Hopper-v4 -> Walker2d-v4 -> Hopper-v4,80000,1,3,Hopper-v4,161.101,201.548,0.799318,40.447,2.04
sequence_P3O-ClosedLoopMemory_Hopper-v4_to_Walker2d-v4_to_Hopper-v4_seed2_steps80000,P3O-ClosedLoopMemory,Hopper-v4 -> Walker2d-v4 -> Hopper-v4,80000,2,1,Hopper-v4,234.477,236.129,0.993003,1.652,0.65
sequence_P3O-ClosedLoopMemory_Hopper-v4_to_Walker2d-v4_to_Hopper-v4_seed2_steps80000,P3O-ClosedLoopMemory,Hopper-v4 -> Walker2d-v4 -> Hopper-v4,80000,2,2,Walker2d-v4,78.028,236.129,0.330448,158.101,1.32
sequence_P3O-ClosedLoopMemory_Hopper-v4_to_Walker2d-v4_to_Hopper-v4_seed2_steps80000,P3O-ClosedLoopMemory,Hopper-v4 -> Walker2d-v4 -> Hopper-v4,80000,2,3,Hopper-v4,59.999,236.129,0.254094,176.13,2.0
sequence_P3O-ClosedLoopMemory_Hopper-v4_to_Walker2d-v4_to_Hopper-v4_seed3_steps80000,P3O-ClosedLoopMemory,Hopper-v4 -> Walker2d-v4 -> Hopper-v4,80000,3,1,Hopper-v4,126.048,187.241,0.673188,61.193,0.72
sequence_P3O-ClosedLoopMemory_Hopper-v4_to_Walker2d-v4_to_Hopper-v4_seed3_steps80000,P3O-ClosedLoopMemory,Hopper-v4 -> Walker2d-v4 -> Hopper-v4,80000,3,2,Walker2d-v4,4.021,187.241,0.021476,183.22,1.42
sequence_P3O-ClosedLoopMemory_Hopper-v4_to_Walker2d-v4_to_Hopper-v4_seed3_steps80000,P3O-ClosedLoopMemory,Hopper-v4 -> Walker2d-v4 -> Hopper-v4,80000,3,3,Hopper-v4,77.659,187.241,0.414753,109.582,2.12
sequence_P3O-ClosedLoopMemory_Hopper-v4_to_Walker2d-v4_to_Hopper-v4_seed4_steps80000,P3O-ClosedLoopMemory,Hopper-v4 -> Walker2d-v4 -> Hopper-v4,80000,4,1,Hopper-v4,151.062,225.253,0.670631,74.191,0.7
sequence_P3O-ClosedLoopMemory_Hopper-v4_to_Walker2d-v4_to_Hopper-v4_seed4_steps80000,P3O-ClosedLoopMemory,Hopper-v4 -> Walker2d-v4 -> Hopper-v4,80000,4,2,Walker2d-v4,101.609,225.253,0.451088,123.644,1.47
sequence_P3O-ClosedLoopMemory_Hopper-v4_to_Walker2d-v4_to_Hopper-v4_seed4_steps80000,P3O-ClosedLoopMemory,Hopper-v4 -> Walker2d-v4 -> Hopper-v4,80000,4,3,Hopper-v4,242.706,225.253,1.077484,0.0,2.12
sequence_P3O-ClosedLoopMemory_Hopper-v4_to_Walker2d-v4_to_Hopper-v4_seed5_steps80000,P3O-ClosedLoopMemory,Hopper-v4 -> Walker2d-v4 -> Hopper-v4,80000,5,1,Hopper-v4,54.733,215.389,0.254111,160.657,0.75
sequence_P3O-ClosedLoopMemory_Hopper-v4_to_Walker2d-v4_to_Hopper-v4_seed5_steps80000,P3O-ClosedLoopMemory,Hopper-v4 -> Walker2d-v4 -> Hopper-v4,80000,5,2,Walker2d-v4,90.939,215.389,0.422206,124.451,1.52
sequence_P3O-ClosedLoopMemory_Hopper-v4_to_Walker2d-v4_to_Hopper-v4_seed5_steps80000,P3O-ClosedLoopMemory,Hopper-v4 -> Walker2d-v4 -> Hopper-v4,80000,5,3,Hopper-v4,92.906,215.389,0.431339,122.484,2.28
sequence_P3O-ClosedLoopMemory_Hopper-v4_to_Walker2d-v4_to_Hopper-v4_seed6_steps80000,P3O-ClosedLoopMemory,Hopper-v4 -> Walker2d-v4 -> Hopper-v4,80000,6,1,Hopper-v4,109.759,110.103,0.99688,0.344,0.78
sequence_P3O-ClosedLoopMemory_Hopper-v4_to_Walker2d-v4_to_Hopper-v4_seed6_steps80000,P3O-ClosedLoopMemory,Hopper-v4 -> Walker2d-v4 -> Hopper-v4,80000,6,2,Walker2d-v4,42.333,110.103,0.384485,67.77,1.56
sequence_P3O-ClosedLoopMemory_Hopper-v4_to_Walker2d-v4_to_Hopper-v4_seed6_steps80000,P3O-ClosedLoopMemory,Hopper-v4 -> Walker2d-v4 -> Hopper-v4,80000,6,3,Hopper-v4,55.104,110.103,0.500477,54.999,2.35
sequence_P3O-ClosedLoopMemory_Hopper-v4_to_Walker2d-v4_to_Hopper-v4_seed7_steps80000,P3O-ClosedLoopMemory,Hopper-v4 -> Walker2d-v4 -> Hopper-v4,80000,7,1,Hopper-v4,206.721,338.544,0.610619,131.823,0.78
sequence_P3O-ClosedLoopMemory_Hopper-v4_to_Walker2d-v4_to_Hopper-v4_seed7_steps80000,P3O-ClosedLoopMemory,Hopper-v4 -> Walker2d-v4 -> Hopper-v4,80000,7,2,Walker2d-v4,111.222,338.544,0.32853,227.322,1.58
sequence_P3O-ClosedLoopMemory_Hopper-v4_to_Walker2d-v4_to_Hopper-v4_seed7_steps80000,P3O-ClosedLoopMemory,Hopper-v4 -> Walker2d-v4 -> Hopper-v4,80000,7,3,Hopper-v4,76.083,338.544,0.224737,262.46,2.4
sequence_P3O-ClosedLoopMemory_Hopper-v4_to_Walker2d-v4_to_Hopper-v4_seed8_steps80000,P3O-ClosedLoopMemory,Hopper-v4 -> Walker2d-v4 -> Hopper-v4,80000,8,1,Hopper-v4,79.688,137.275,0.580501,57.587,0.77
sequence_P3O-ClosedLoopMemory_Hopper-v4_to_Walker2d-v4_to_Hopper-v4_seed8_steps80000,P3O-ClosedLoopMemory,Hopper-v4 -> Walker2d-v4 -> Hopper-v4,80000,8,2,Walker2d-v4,83.868,137.275,0.610945,53.408,1.57
sequence_P3O-ClosedLoopMemory_Hopper-v4_to_Walker2d-v4_to_Hopper-v4_seed8_steps80000,P3O-ClosedLoopMemory,Hopper-v4 -> Walker2d-v4 -> Hopper-v4,80000,8,3,Hopper-v4,342.984,137.275,2.498508,0.0,2.36
sequence_P3O-ClosedLoopMemory_Hopper-v4_to_Walker2d-v4_to_Hopper-v4_seed9_steps80000,P3O-ClosedLoopMemory,Hopper-v4 -> Walker2d-v4 -> Hopper-v4,80000,9,1,Hopper-v4,91.858,954.34,0.096253,862.481,0.78
sequence_P3O-ClosedLoopMemory_Hopper-v4_to_Walker2d-v4_to_Hopper-v4_seed9_steps80000,P3O-ClosedLoopMemory,Hopper-v4 -> Walker2d-v4 -> Hopper-v4,80000,9,2,Walker2d-v4,78.627,954.34,0.082389,875.712,1.59
sequence_P3O-ClosedLoopMemory_Hopper-v4_to_Walker2d-v4_to_Hopper-v4_seed9_steps80000,P3O-ClosedLoopMemory,Hopper-v4 -> Walker2d-v4 -> Hopper-v4,80000,9,3,Hopper-v4,84.391,954.34,0.088429,869.949,2.4
sequence_P3O-ClosedLoopMemory_Hopper-v4_to_Walker2d-v4_to_Hopper-v4_seed10_steps80000,P3O-ClosedLoopMemory,Hopper-v4 -> Walker2d-v4 -> Hopper-v4,80000,10,1,Hopper-v4,119.742,160.004,0.748368,40.262,0.7
sequence_P3O-ClosedLoopMemory_Hopper-v4_to_Walker2d-v4_to_Hopper-v4_seed10_steps80000,P3O-ClosedLoopMemory,Hopper-v4 -> Walker2d-v4 -> Hopper-v4,80000,10,2,Walker2d-v4,112.881,160.004,0.705487,47.123,1.41
sequence_P3O-ClosedLoopMemory_Hopper-v4_to_Walker2d-v4_to_Hopper-v4_seed10_steps80000,P3O-ClosedLoopMemory,Hopper-v4 -> Walker2d-v4 -> Hopper-v4,80000,10,3,Hopper-v4,157.175,160.004,0.982317,2.829,2.11
sequence_P3O-ClosedLoopMemory_Hopper-v4_to_Walker2d-v4_to_Hopper-v4_seed11_steps80000,P3O-ClosedLoopMemory,Hopper-v4 -> Walker2d-v4 -> Hopper-v4,80000,11,1,Hopper-v4,65.609,351.678,0.18656,286.069,0.71
sequence_P3O-ClosedLoopMemory_Hopper-v4_to_Walker2d-v4_to_Hopper-v4_seed11_steps80000,P3O-ClosedLoopMemory,Hopper-v4 -> Walker2d-v4 -> Hopper-v4,80000,11,2,Walker2d-v4,61.617,351.678,0.175208,290.061,1.41
sequence_P3O-ClosedLoopMemory_Hopper-v4_to_Walker2d-v4_to_Hopper-v4_seed11_steps80000,P3O-ClosedLoopMemory,Hopper-v4 -> Walker2d-v4 -> Hopper-v4,80000,11,3,Hopper-v4,290.329,351.678,0.825554,61.349,2.17
sequence_P3O-ClosedLoopMemory_Hopper-v4_to_Walker2d-v4_to_Hopper-v4_seed12_steps80000,P3O-ClosedLoopMemory,Hopper-v4 -> Walker2d-v4 -> Hopper-v4,80000,12,1,Hopper-v4,58.667,277.694,0.211265,219.027,0.71
sequence_P3O-ClosedLoopMemory_Hopper-v4_to_Walker2d-v4_to_Hopper-v4_seed12_steps80000,P3O-ClosedLoopMemory,Hopper-v4 -> Walker2d-v4 -> Hopper-v4,80000,12,2,Walker2d-v4,60.121,277.694,0.216501,217.573,1.41
sequence_P3O-ClosedLoopMemory_Hopper-v4_to_Walker2d-v4_to_Hopper-v4_seed12_steps80000,P3O-ClosedLoopMemory,Hopper-v4 -> Walker2d-v4 -> Hopper-v4,80000,12,3,Hopper-v4,93.954,277.694,0.338335,183.74,2.13
sequence_P3O-ClosedLoopMemory_Hopper-v4_to_Walker2d-v4_to_Hopper-v4_seed13_steps80000,P3O-ClosedLoopMemory,Hopper-v4 -> Walker2d-v4 -> Hopper-v4,80000,13,1,Hopper-v4,150.852,155.838,0.968005,4.986,0.68
sequence_P3O-ClosedLoopMemory_Hopper-v4_to_Walker2d-v4_to_Hopper-v4_seed13_steps80000,P3O-ClosedLoopMemory,Hopper-v4 -> Walker2d-v4 -> Hopper-v4,80000,13,2,Walker2d-v4,74.823,155.838,0.480133,81.015,1.39
sequence_P3O-ClosedLoopMemory_Hopper-v4_to_Walker2d-v4_to_Hopper-v4_seed13_steps80000,P3O-ClosedLoopMemory,Hopper-v4 -> Walker2d-v4 -> Hopper-v4,80000,13,3,Hopper-v4,101.238,155.838,0.649632,54.601,2.08
sequence_P3O-ClosedLoopMemory_Hopper-v4_to_Walker2d-v4_to_Hopper-v4_seed14_steps80000,P3O-ClosedLoopMemory,Hopper-v4 -> Walker2d-v4 -> Hopper-v4,80000,14,1,Hopper-v4,72.702,123.146,0.590373,50.444,0.69
sequence_P3O-ClosedLoopMemory_Hopper-v4_to_Walker2d-v4_to_Hopper-v4_seed14_steps80000,P3O-ClosedLoopMemory,Hopper-v4 -> Walker2d-v4 -> Hopper-v4,80000,14,2,Walker2d-v4,69.377,123.146,0.563372,53.769,1.39
sequence_P3O-ClosedLoopMemory_Hopper-v4_to_Walker2d-v4_to_Hopper-v4_seed14_steps80000,P3O-ClosedLoopMemory,Hopper-v4 -> Walker2d-v4 -> Hopper-v4,80000,14,3,Hopper-v4,47.093,123.146,0.382416,76.053,2.09
sequence_P3O-ClosedLoopMemory_Hopper-v4_to_Walker2d-v4_to_Hopper-v4_seed15_steps80000,P3O-ClosedLoopMemory,Hopper-v4 -> Walker2d-v4 -> Hopper-v4,80000,15,1,Hopper-v4,93.267,115.811,0.805344,22.543,0.68
sequence_P3O-ClosedLoopMemory_Hopper-v4_to_Walker2d-v4_to_Hopper-v4_seed15_steps80000,P3O-ClosedLoopMemory,Hopper-v4 -> Walker2d-v4 -> Hopper-v4,80000,15,2,Walker2d-v4,156.21,115.811,1.348837,0.0,1.4
sequence_P3O-ClosedLoopMemory_Hopper-v4_to_Walker2d-v4_to_Hopper-v4_seed15_steps80000,P3O-ClosedLoopMemory,Hopper-v4 -> Walker2d-v4 -> Hopper-v4,80000,15,3,Hopper-v4,97.672,115.811,0.843377,18.139,2.08
sequence_P3O-ClosedLoopMemory_Hopper-v4_to_Walker2d-v4_to_Hopper-v4_seed16_steps80000,P3O-ClosedLoopMemory,Hopper-v4 -> Walker2d-v4 -> Hopper-v4,80000,16,1,Hopper-v4,58.829,120.455,0.488391,61.626,0.86
sequence_P3O-ClosedLoopMemory_Hopper-v4_to_Walker2d-v4_to_Hopper-v4_seed16_steps80000,P3O-ClosedLoopMemory,Hopper-v4 -> Walker2d-v4 -> Hopper-v4,80000,16,2,Walker2d-v4,57.533,120.455,0.477635,62.921,1.81
sequence_P3O-ClosedLoopMemory_Hopper-v4_to_Walker2d-v4_to_Hopper-v4_seed16_steps80000,P3O-ClosedLoopMemory,Hopper-v4 -> Walker2d-v4 -> Hopper-v4,80000,16,3,Hopper-v4,75.404,120.455,0.625998,45.05,2.74
sequence_P3O-ClosedLoopMemory_Hopper-v4_to_Walker2d-v4_to_Hopper-v4_seed17_steps80000,P3O-ClosedLoopMemory,Hopper-v4 -> Walker2d-v4 -> Hopper-v4,80000,17,1,Hopper-v4,64.979,218.717,0.297091,153.738,0.88
sequence_P3O-ClosedLoopMemory_Hopper-v4_to_Walker2d-v4_to_Hopper-v4_seed17_steps80000,P3O-ClosedLoopMemory,Hopper-v4 -> Walker2d-v4 -> Hopper-v4,80000,17,2,Walker2d-v4,23.051,218.717,0.105393,195.666,1.83
sequence_P3O-ClosedLoopMemory_Hopper-v4_to_Walker2d-v4_to_Hopper-v4_seed17_steps80000,P3O-ClosedLoopMemory,Hopper-v4 -> Walker2d-v4 -> Hopper-v4,80000,17,3,Hopper-v4,65.899,218.717,0.3013,152.818,2.77
sequence_P3O-ClosedLoopMemory_Hopper-v4_to_Walker2d-v4_to_Hopper-v4_seed18_steps80000,P3O-ClosedLoopMemory,Hopper-v4 -> Walker2d-v4 -> Hopper-v4,80000,18,1,Hopper-v4,67.863,164.218,0.413251,96.355,0.94
sequence_P3O-ClosedLoopMemory_Hopper-v4_to_Walker2d-v4_to_Hopper-v4_seed18_steps80000,P3O-ClosedLoopMemory,Hopper-v4 -> Walker2d-v4 -> Hopper-v4,80000,18,2,Walker2d-v4,64.53,164.218,0.392954,99.688,1.91
sequence_P3O-ClosedLoopMemory_Hopper-v4_to_Walker2d-v4_to_Hopper-v4_seed18_steps80000,P3O-ClosedLoopMemory,Hopper-v4 -> Walker2d-v4 -> Hopper-v4,80000,18,3,Hopper-v4,65.38,164.218,0.39813,98.838,2.67
sequence_P3O-ClosedLoopMemory_Hopper-v4_to_Walker2d-v4_to_Hopper-v4_seed19_steps80000,P3O-ClosedLoopMemory,Hopper-v4 -> Walker2d-v4 -> Hopper-v4,80000,19,1,Hopper-v4,59.256,121.883,0.486171,62.627,0.93
sequence_P3O-ClosedLoopMemory_Hopper-v4_to_Walker2d-v4_to_Hopper-v4_seed19_steps80000,P3O-ClosedLoopMemory,Hopper-v4 -> Walker2d-v4 -> Hopper-v4,80000,19,2,Walker2d-v4,6.405,121.883,0.052554,115.477,1.85
sequence_P3O-ClosedLoopMemory_Hopper-v4_to_Walker2d-v4_to_Hopper-v4_seed19_steps80000,P3O-ClosedLoopMemory,Hopper-v4 -> Walker2d-v4 -> Hopper-v4,80000,19,3,Hopper-v4,230.511,121.883,1.891251,0.0,2.61
sequence_PPO_Walker2d-v4_to_HalfCheetah-v4_to_Walker2d-v4_seed0_steps80000,PPO,Walker2d-v4 -> HalfCheetah-v4 -> Walker2d-v4,80000,0,1,Walker2d-v4,-75.436,83.535,-0.903046,158.97,1.19
sequence_PPO_Walker2d-v4_to_HalfCheetah-v4_to_Walker2d-v4_seed0_steps80000,PPO,Walker2d-v4 -> HalfCheetah-v4 -> Walker2d-v4,80000,0,2,HalfCheetah-v4,-72.235,83.535,-0.864734,155.77,2.22
sequence_PPO_Walker2d-v4_to_HalfCheetah-v4_to_Walker2d-v4_seed0_steps80000,PPO,Walker2d-v4 -> HalfCheetah-v4 -> Walker2d-v4,80000,0,3,Walker2d-v4,107.993,83.535,1.292795,0.0,3.26
sequence_PPO_Walker2d-v4_to_HalfCheetah-v4_to_Walker2d-v4_seed1_steps80000,PPO,Walker2d-v4 -> HalfCheetah-v4 -> Walker2d-v4,80000,1,1,Walker2d-v4,70.75,40.598,1.742708,0.0,1.16
sequence_PPO_Walker2d-v4_to_HalfCheetah-v4_to_Walker2d-v4_seed1_steps80000,PPO,Walker2d-v4 -> HalfCheetah-v4 -> Walker2d-v4,80000,1,2,HalfCheetah-v4,947.937,40.598,23.349368,0.0,2.21
sequence_PPO_Walker2d-v4_to_HalfCheetah-v4_to_Walker2d-v4_seed1_steps80000,PPO,Walker2d-v4 -> HalfCheetah-v4 -> Walker2d-v4,80000,1,3,Walker2d-v4,174.596,40.598,4.300602,0.0,3.3
sequence_PPO_Walker2d-v4_to_HalfCheetah-v4_to_Walker2d-v4_seed2_steps80000,PPO,Walker2d-v4 -> HalfCheetah-v4 -> Walker2d-v4,80000,2,1,Walker2d-v4,17.711,178.59,0.09917,160.879,1.22
sequence_PPO_Walker2d-v4_to_HalfCheetah-v4_to_Walker2d-v4_seed2_steps80000,PPO,Walker2d-v4 -> HalfCheetah-v4 -> Walker2d-v4,80000,2,2,HalfCheetah-v4,3.682,178.59,0.020619,174.907,2.28
sequence_PPO_Walker2d-v4_to_HalfCheetah-v4_to_Walker2d-v4_seed2_steps80000,PPO,Walker2d-v4 -> HalfCheetah-v4 -> Walker2d-v4,80000,2,3,Walker2d-v4,304.802,178.59,1.706717,0.0,3.35
sequence_PPO_Walker2d-v4_to_HalfCheetah-v4_to_Walker2d-v4_seed3_steps80000,PPO,Walker2d-v4 -> HalfCheetah-v4 -> Walker2d-v4,80000,3,1,Walker2d-v4,122.539,277.193,0.44207,154.654,0.82
sequence_PPO_Walker2d-v4_to_HalfCheetah-v4_to_Walker2d-v4_seed3_steps80000,PPO,Walker2d-v4 -> HalfCheetah-v4 -> Walker2d-v4,80000,3,2,HalfCheetah-v4,-11.954,277.193,-0.043125,289.147,1.81
sequence_PPO_Walker2d-v4_to_HalfCheetah-v4_to_Walker2d-v4_seed3_steps80000,PPO,Walker2d-v4 -> HalfCheetah-v4 -> Walker2d-v4,80000,3,3,Walker2d-v4,158.784,277.193,0.572828,118.409,2.72
sequence_PPO_Walker2d-v4_to_HalfCheetah-v4_to_Walker2d-v4_seed4_steps80000,PPO,Walker2d-v4 -> HalfCheetah-v4 -> Walker2d-v4,80000,4,1,Walker2d-v4,41.755,40.504,1.030877,0.0,0.81
sequence_PPO_Walker2d-v4_to_HalfCheetah-v4_to_Walker2d-v4_seed4_steps80000,PPO,Walker2d-v4 -> HalfCheetah-v4 -> Walker2d-v4,80000,4,2,HalfCheetah-v4,327.077,40.504,8.07515,0.0,1.83
sequence_PPO_Walker2d-v4_to_HalfCheetah-v4_to_Walker2d-v4_seed4_steps80000,PPO,Walker2d-v4 -> HalfCheetah-v4 -> Walker2d-v4,80000,4,3,Walker2d-v4,309.323,40.504,7.636812,0.0,2.75
sequence_P3O_Walker2d-v4_to_HalfCheetah-v4_to_Walker2d-v4_seed0_steps80000,P3O,Walker2d-v4 -> HalfCheetah-v4 -> Walker2d-v4,80000,0,1,Walker2d-v4,-61.122,36.355,-1.681251,97.477,0.97
sequence_P3O_Walker2d-v4_to_HalfCheetah-v4_to_Walker2d-v4_seed0_steps80000,P3O,Walker2d-v4 -> HalfCheetah-v4 -> Walker2d-v4,80000,0,2,HalfCheetah-v4,-63.747,36.355,-1.753464,100.102,1.83
sequence_P3O_Walker2d-v4_to_HalfCheetah-v4_to_Walker2d-v4_seed0_steps80000,P3O,Walker2d-v4 -> HalfCheetah-v4 -> Walker2d-v4,80000,0,3,Walker2d-v4,366.453,36.355,10.079873,0.0,2.81
sequence_P3O_Walker2d-v4_to_HalfCheetah-v4_to_Walker2d-v4_seed1_steps80000,P3O,Walker2d-v4 -> HalfCheetah-v4 -> Walker2d-v4,80000,1,1,Walker2d-v4,-9.971,27.113,-0.367756,37.083,0.98
sequence_P3O_Walker2d-v4_to_HalfCheetah-v4_to_Walker2d-v4_seed1_steps80000,P3O,Walker2d-v4 -> HalfCheetah-v4 -> Walker2d-v4,80000,1,2,HalfCheetah-v4,2.559,27.113,0.094375,24.554,1.79
sequence_P3O_Walker2d-v4_to_HalfCheetah-v4_to_Walker2d-v4_seed1_steps80000,P3O,Walker2d-v4 -> HalfCheetah-v4 -> Walker2d-v4,80000,1,3,Walker2d-v4,248.59,27.113,9.168803,0.0,2.77
sequence_P3O_Walker2d-v4_to_HalfCheetah-v4_to_Walker2d-v4_seed2_steps80000,P3O,Walker2d-v4 -> HalfCheetah-v4 -> Walker2d-v4,80000,2,1,Walker2d-v4,251.949,242.495,1.038987,0.0,1.0
sequence_P3O_Walker2d-v4_to_HalfCheetah-v4_to_Walker2d-v4_seed2_steps80000,P3O,Walker2d-v4 -> HalfCheetah-v4 -> Walker2d-v4,80000,2,2,HalfCheetah-v4,120.521,242.495,0.497004,121.974,1.86
sequence_P3O_Walker2d-v4_to_HalfCheetah-v4_to_Walker2d-v4_seed2_steps80000,P3O,Walker2d-v4 -> HalfCheetah-v4 -> Walker2d-v4,80000,2,3,Walker2d-v4,180.26,242.495,0.743355,62.235,2.83
sequence_P3O_Walker2d-v4_to_HalfCheetah-v4_to_Walker2d-v4_seed3_steps80000,P3O,Walker2d-v4 -> HalfCheetah-v4 -> Walker2d-v4,80000,3,1,Walker2d-v4,271.891,274.414,0.990806,2.523,0.81
sequence_P3O_Walker2d-v4_to_HalfCheetah-v4_to_Walker2d-v4_seed3_steps80000,P3O,Walker2d-v4 -> HalfCheetah-v4 -> Walker2d-v4,80000,3,2,HalfCheetah-v4,267.609,274.414,0.975204,6.804,1.8
sequence_P3O_Walker2d-v4_to_HalfCheetah-v4_to_Walker2d-v4_seed3_steps80000,P3O,Walker2d-v4 -> HalfCheetah-v4 -> Walker2d-v4,80000,3,3,Walker2d-v4,278.033,274.414,1.013188,0.0,2.72
sequence_P3O_Walker2d-v4_to_HalfCheetah-v4_to_Walker2d-v4_seed4_steps80000,P3O,Walker2d-v4 -> HalfCheetah-v4 -> Walker2d-v4,80000,4,1,Walker2d-v4,245.311,247.539,0.990996,2.229,0.81
sequence_P3O_Walker2d-v4_to_HalfCheetah-v4_to_Walker2d-v4_seed4_steps80000,P3O,Walker2d-v4 -> HalfCheetah-v4 -> Walker2d-v4,80000,4,2,HalfCheetah-v4,265.468,247.539,1.072427,0.0,1.5
sequence_P3O_Walker2d-v4_to_HalfCheetah-v4_to_Walker2d-v4_seed4_steps80000,P3O,Walker2d-v4 -> HalfCheetah-v4 -> Walker2d-v4,80000,4,3,Walker2d-v4,292.996,247.539,1.183634,0.0,2.3
sequence_P3O-ClosedLoopFull_Walker2d-v4_to_HalfCheetah-v4_to_Walker2d-v4_seed0_steps80000,P3O-ClosedLoopFull,Walker2d-v4 -> HalfCheetah-v4 -> Walker2d-v4,80000,0,1,Walker2d-v4,5.888,36.355,0.161949,30.467,0.99
sequence_P3O-ClosedLoopFull_Walker2d-v4_to_HalfCheetah-v4_to_Walker2d-v4_seed0_steps80000,P3O-ClosedLoopFull,Walker2d-v4 -> HalfCheetah-v4 -> Walker2d-v4,80000,0,2,HalfCheetah-v4,3.215,36.355,0.088432,33.14,1.84
sequence_P3O-ClosedLoopFull_Walker2d-v4_to_HalfCheetah-v4_to_Walker2d-v4_seed0_steps80000,P3O-ClosedLoopFull,Walker2d-v4 -> HalfCheetah-v4 -> Walker2d-v4,80000,0,3,Walker2d-v4,84.185,36.355,2.315643,0.0,2.75
sequence_P3O-ClosedLoopFull_Walker2d-v4_to_HalfCheetah-v4_to_Walker2d-v4_seed1_steps80000,P3O-ClosedLoopFull,Walker2d-v4 -> HalfCheetah-v4 -> Walker2d-v4,80000,1,1,Walker2d-v4,-4.875,27.113,-0.179814,31.988,1.02
sequence_P3O-ClosedLoopFull_Walker2d-v4_to_HalfCheetah-v4_to_Walker2d-v4_seed1_steps80000,P3O-ClosedLoopFull,Walker2d-v4 -> HalfCheetah-v4 -> Walker2d-v4,80000,1,2,HalfCheetah-v4,327.745,27.113,12.088323,0.0,1.9
sequence_P3O-ClosedLoopFull_Walker2d-v4_to_HalfCheetah-v4_to_Walker2d-v4_seed1_steps80000,P3O-ClosedLoopFull,Walker2d-v4 -> HalfCheetah-v4 -> Walker2d-v4,80000,1,3,Walker2d-v4,274.23,27.113,10.114491,0.0,2.83
sequence_P3O-ClosedLoopFull_Walker2d-v4_to_HalfCheetah-v4_to_Walker2d-v4_seed2_steps80000,P3O-ClosedLoopFull,Walker2d-v4 -> HalfCheetah-v4 -> Walker2d-v4,80000,2,1,Walker2d-v4,7.438,178.59,0.041647,171.152,1.01
sequence_P3O-ClosedLoopFull_Walker2d-v4_to_HalfCheetah-v4_to_Walker2d-v4_seed2_steps80000,P3O-ClosedLoopFull,Walker2d-v4 -> HalfCheetah-v4 -> Walker2d-v4,80000,2,2,HalfCheetah-v4,292.191,178.59,1.636103,0.0,1.86
sequence_P3O-ClosedLoopFull_Walker2d-v4_to_HalfCheetah-v4_to_Walker2d-v4_seed2_steps80000,P3O-ClosedLoopFull,Walker2d-v4 -> HalfCheetah-v4 -> Walker2d-v4,80000,2,3,Walker2d-v4,288.115,178.59,1.61328,0.0,2.77
sequence_P3O-ClosedLoopFull_Walker2d-v4_to_HalfCheetah-v4_to_Walker2d-v4_seed3_steps80000,P3O-ClosedLoopFull,Walker2d-v4 -> HalfCheetah-v4 -> Walker2d-v4,80000,3,1,Walker2d-v4,-50.416,298.799,-0.16873,349.215,0.84
sequence_P3O-ClosedLoopFull_Walker2d-v4_to_HalfCheetah-v4_to_Walker2d-v4_seed3_steps80000,P3O-ClosedLoopFull,Walker2d-v4 -> HalfCheetah-v4 -> Walker2d-v4,80000,3,2,HalfCheetah-v4,82.367,298.799,0.27566,216.432,1.54
sequence_P3O-ClosedLoopFull_Walker2d-v4_to_HalfCheetah-v4_to_Walker2d-v4_seed3_steps80000,P3O-ClosedLoopFull,Walker2d-v4 -> HalfCheetah-v4 -> Walker2d-v4,80000,3,3,Walker2d-v4,52.602,298.799,0.176044,246.197,2.34
sequence_P3O-ClosedLoopFull_Walker2d-v4_to_HalfCheetah-v4_to_Walker2d-v4_seed4_steps80000,P3O-ClosedLoopFull,Walker2d-v4 -> HalfCheetah-v4 -> Walker2d-v4,80000,4,1,Walker2d-v4,-47.925,18.587,-2.578484,66.512,0.83
sequence_P3O-ClosedLoopFull_Walker2d-v4_to_HalfCheetah-v4_to_Walker2d-v4_seed4_steps80000,P3O-ClosedLoopFull,Walker2d-v4 -> HalfCheetah-v4 -> Walker2d-v4,80000,4,2,HalfCheetah-v4,12.896,18.587,0.693848,5.69,1.52
sequence_P3O-ClosedLoopFull_Walker2d-v4_to_HalfCheetah-v4_to_Walker2d-v4_seed4_steps80000,P3O-ClosedLoopFull,Walker2d-v4 -> HalfCheetah-v4 -> Walker2d-v4,80000,4,3,Walker2d-v4,277.096,18.587,14.908302,0.0,2.33
sequence_P3O-ClosedLoopMemory_Walker2d-v4_to_HalfCheetah-v4_to_Walker2d-v4_seed0_steps80000,P3O-ClosedLoopMemory,Walker2d-v4 -> HalfCheetah-v4 -> Walker2d-v4,80000,0,1,Walker2d-v4,312.896,319.529,0.979243,6.633,0.77
sequence_P3O-ClosedLoopMemory_Walker2d-v4_to_HalfCheetah-v4_to_Walker2d-v4_seed0_steps80000,P3O-ClosedLoopMemory,Walker2d-v4 -> HalfCheetah-v4 -> Walker2d-v4,80000,0,2,HalfCheetah-v4,207.857,319.529,0.650511,111.672,1.42
sequence_P3O-ClosedLoopMemory_Walker2d-v4_to_HalfCheetah-v4_to_Walker2d-v4_seed0_steps80000,P3O-ClosedLoopMemory,Walker2d-v4 -> HalfCheetah-v4 -> Walker2d-v4,80000,0,3,Walker2d-v4,230.022,319.529,0.719878,89.507,2.17
sequence_P3O-ClosedLoopMemory_Walker2d-v4_to_HalfCheetah-v4_to_Walker2d-v4_seed1_steps80000,P3O-ClosedLoopMemory,Walker2d-v4 -> HalfCheetah-v4 -> Walker2d-v4,80000,1,1,Walker2d-v4,23.639,91.014,0.259731,67.375,0.75
sequence_P3O-ClosedLoopMemory_Walker2d-v4_to_HalfCheetah-v4_to_Walker2d-v4_seed1_steps80000,P3O-ClosedLoopMemory,Walker2d-v4 -> HalfCheetah-v4 -> Walker2d-v4,80000,1,2,HalfCheetah-v4,-65.832,91.014,-0.723315,156.846,1.38
sequence_P3O-ClosedLoopMemory_Walker2d-v4_to_HalfCheetah-v4_to_Walker2d-v4_seed1_steps80000,P3O-ClosedLoopMemory,Walker2d-v4 -> HalfCheetah-v4 -> Walker2d-v4,80000,1,3,Walker2d-v4,-24.757,91.014,-0.272007,115.771,2.11
sequence_P3O-ClosedLoopMemory_Walker2d-v4_to_HalfCheetah-v4_to_Walker2d-v4_seed2_steps80000,P3O-ClosedLoopMemory,Walker2d-v4 -> HalfCheetah-v4 -> Walker2d-v4,80000,2,1,Walker2d-v4,-16.365,178.59,-0.091635,194.955,0.76
sequence_P3O-ClosedLoopMemory_Walker2d-v4_to_HalfCheetah-v4_to_Walker2d-v4_seed2_steps80000,P3O-ClosedLoopMemory,Walker2d-v4 -> HalfCheetah-v4 -> Walker2d-v4,80000,2,2,HalfCheetah-v4,-3.677,178.59,-0.020586,182.266,1.39
sequence_P3O-ClosedLoopMemory_Walker2d-v4_to_HalfCheetah-v4_to_Walker2d-v4_seed2_steps80000,P3O-ClosedLoopMemory,Walker2d-v4 -> HalfCheetah-v4 -> Walker2d-v4,80000,2,3,Walker2d-v4,280.733,178.59,1.571942,0.0,2.17
sequence_P3O-ClosedLoopMemory_Walker2d-v4_to_HalfCheetah-v4_to_Walker2d-v4_seed3_steps80000,P3O-ClosedLoopMemory,Walker2d-v4 -> HalfCheetah-v4 -> Walker2d-v4,80000,3,1,Walker2d-v4,245.279,273.846,0.895682,28.567,0.92
sequence_P3O-ClosedLoopMemory_Walker2d-v4_to_HalfCheetah-v4_to_Walker2d-v4_seed3_steps80000,P3O-ClosedLoopMemory,Walker2d-v4 -> HalfCheetah-v4 -> Walker2d-v4,80000,3,2,HalfCheetah-v4,264.767,273.846,0.966846,9.079,1.63
sequence_P3O-ClosedLoopMemory_Walker2d-v4_to_HalfCheetah-v4_to_Walker2d-v4_seed3_steps80000,P3O-ClosedLoopMemory,Walker2d-v4 -> HalfCheetah-v4 -> Walker2d-v4,80000,3,3,Walker2d-v4,-43.457,273.846,-0.15869,317.302,2.43
sequence_P3O-ClosedLoopMemory_Walker2d-v4_to_HalfCheetah-v4_to_Walker2d-v4_seed4_steps80000,P3O-ClosedLoopMemory,Walker2d-v4 -> HalfCheetah-v4 -> Walker2d-v4,80000,4,1,Walker2d-v4,298.829,306.565,0.974767,7.736,0.92
sequence_P3O-ClosedLoopMemory_Walker2d-v4_to_HalfCheetah-v4_to_Walker2d-v4_seed4_steps80000,P3O-ClosedLoopMemory,Walker2d-v4 -> HalfCheetah-v4 -> Walker2d-v4,80000,4,2,HalfCheetah-v4,217.105,306.565,0.708188,89.459,1.61
sequence_P3O-ClosedLoopMemory_Walker2d-v4_to_HalfCheetah-v4_to_Walker2d-v4_seed4_steps80000,P3O-ClosedLoopMemory,Walker2d-v4 -> HalfCheetah-v4 -> Walker2d-v4,80000,4,3,Walker2d-v4,258.864,306.565,0.844403,47.701,2.39
