run_index,group,env,algo,seed,steps,final_avg10,best_avg10,auc_avg10_raw,auc_avg10_norm,mean_reset_rate,mean_alpha_using,sbp_trigger_count,event_trigger_count,force_trigger_count,periodic_trigger_count,mean_sps,last_logged_step,reward_points,run_dir_name
R001,alpha_ablation,Hopper-v4,P3O-dynamic,0,200000,77.970,197.200,22199653.25,111.040,0.01000,0.35180,4,0,0,4,2407.00,200000,3453,Hopper-v4_P3O-dynamic_seed0_steps200000
R002,alpha_ablation,Hopper-v4,P3O-dynamic,0,300000,33.639,201.667,30161031.33,100.559,0.01000,0.30862,6,0,0,6,1197.93,300000,5766,Hopper-v4_P3O-dynamic_seed0_steps300000
R003,alpha_ablation,Hopper-v4,P3O-dynamic,1,300000,121.125,179.806,24438369.75,81.473,0.01000,0.31557,6,0,0,6,1203.89,300000,6656,Hopper-v4_P3O-dynamic_seed1_steps300000
R004,alpha_ablation,Hopper-v4,P3O-dynamic,2,300000,119.753,187.484,28882833.75,96.287,0.01000,0.31915,6,0,0,6,1191.60,300000,5415,Hopper-v4_P3O-dynamic_seed2_steps300000
R005,alpha_ablation,Hopper-v4,P3O-dynamic,0,500000,20.846,248.706,59248333.59,118.504,0.01000,0.38072,10,0,0,10,2456.62,500000,10990,Hopper-v4_P3O-dynamic_seed0_steps500000
R006,alpha_ablation,Hopper-v4,P3O-dynamic,1,500000,39.205,192.552,47810195.54,95.626,0.01000,0.38072,10,0,0,10,2449.54,500000,12839,Hopper-v4_P3O-dynamic_seed1_steps500000
R007,alpha_ablation,Hopper-v4,P3O-dynamic,2,500000,125.007,221.907,48821032.48,97.663,0.01000,0.32385,10,0,0,10,2027.31,500000,9092,Hopper-v4_P3O-dynamic_seed2_steps500000
R008,alpha_ablation,Hopper-v4,P3O-static,0,500000,128.735,198.133,41122210.25,82.253,N/A,0.40000,10,0,0,10,3228.60,500000,14776,Hopper-v4_P3O-static_seed0_steps500000
R009,alpha_ablation,Hopper-v4,P3O-static,1,500000,46.017,148.135,28783887.14,57.573,N/A,0.40000,10,0,0,10,3218.42,500000,17252,Hopper-v4_P3O-static_seed1_steps500000
R010,alpha_ablation,Walker2d-v4,P3O-dynamic,0,500000,114.183,231.208,36740187.13,73.490,0.01000,0.38072,10,0,0,10,2484.08,500000,5976,Walker2d-v4_P3O-dynamic_seed0_steps500000
R011,alpha_ablation,Walker2d-v4,P3O-dynamic,1,500000,115.415,163.729,4221517.08,8.446,0.01000,0.38072,10,0,0,10,2501.95,500000,5662,Walker2d-v4_P3O-dynamic_seed1_steps500000
R012,alpha_ablation,Walker2d-v4,P3O-dynamic,2,500000,26.122,39.303,-3625993.66,-7.252,0.01000,0.29814,10,0,0,10,1999.46,500000,10263,Walker2d-v4_P3O-dynamic_seed2_steps500000
R013,alpha_ablation,Walker2d-v4,P3O-static,0,500000,76.329,153.283,19573282.60,39.153,N/A,0.40000,10,0,0,10,3063.99,500000,6323,Walker2d-v4_P3O-static_seed0_steps500000
R014,alpha_ablation,Walker2d-v4,P3O-static,1,500000,180.048,317.789,64996443.30,130.002,N/A,0.40000,10,0,0,10,3163.41,500000,4700,Walker2d-v4_P3O-static_seed1_steps500000
R015,closed_loop_breakthrough,HalfCheetah-v4,P3O-ClosedLoopAlpha,0,500000,-833.081,-658.597,-391259825.50,-784.088,0.01296,0.41945,13,10,3,0,1933.22,500000,500,HalfCheetah-v4_P3O-ClosedLoopAlpha_seed0_steps500000
R016,closed_loop_breakthrough,HalfCheetah-v4,P3O-ClosedLoopAlpha,1,500000,-850.649,-622.516,-393852893.50,-789.284,0.01391,0.40711,18,18,0,0,1940.36,500000,500,HalfCheetah-v4_P3O-ClosedLoopAlpha_seed1_steps500000
R017,closed_loop_breakthrough,HalfCheetah-v4,P3O-ClosedLoopAlpha,2,500000,-831.920,-562.524,-390984428.50,-783.536,0.01482,0.42542,19,19,0,0,2094.92,500000,500,HalfCheetah-v4_P3O-ClosedLoopAlpha_seed2_steps500000
R018,closed_loop_breakthrough,HalfCheetah-v4,P3O-ClosedLoopAlpha,3,500000,-901.618,-629.189,-379848077.00,-761.219,0.01100,0.42403,6,0,6,0,2016.74,500000,500,HalfCheetah-v4_P3O-ClosedLoopAlpha_seed3_steps500000
R019,closed_loop_breakthrough,HalfCheetah-v4,P3O-ClosedLoopAlpha,4,500000,-778.598,-600.080,-388556443.50,-778.670,0.01416,0.43643,18,17,1,0,1961.42,500000,500,HalfCheetah-v4_P3O-ClosedLoopAlpha_seed4_steps500000
R020,closed_loop_breakthrough,HalfCheetah-v4,P3O-ClosedLoopFull,0,500000,-1101.149,-658.597,-483691382.50,-969.321,0.01442,0.46347,21,20,1,0,1960.48,500000,500,HalfCheetah-v4_P3O-ClosedLoopFull_seed0_steps500000
R021,closed_loop_breakthrough,HalfCheetah-v4,P3O-ClosedLoopFull,1,500000,-1211.516,-622.516,-497162213.00,-996.317,0.01615,0.45599,22,22,0,0,2156.35,500000,500,HalfCheetah-v4_P3O-ClosedLoopFull_seed1_steps500000
R022,closed_loop_breakthrough,HalfCheetah-v4,P3O-ClosedLoopFull,2,500000,-1099.437,-562.524,-463606531.00,-929.071,0.01576,0.46325,22,22,0,0,2319.51,500000,500,HalfCheetah-v4_P3O-ClosedLoopFull_seed2_steps500000
R023,closed_loop_breakthrough,HalfCheetah-v4,P3O-ClosedLoopFull,3,500000,-1097.961,-629.189,-465862782.50,-933.593,0.01356,0.45692,19,18,1,0,2033.21,500000,500,HalfCheetah-v4_P3O-ClosedLoopFull_seed3_steps500000
R024,closed_loop_breakthrough,HalfCheetah-v4,P3O-ClosedLoopFull,4,500000,-1180.560,-600.080,-480433395.50,-962.792,0.01568,0.46884,22,22,0,0,2036.79,500000,500,HalfCheetah-v4_P3O-ClosedLoopFull_seed4_steps500000
R025,closed_loop_breakthrough,HalfCheetah-v4,P3O-ClosedLoopFull,5,500000,-1091.780,-626.008,-471133293.00,-944.155,0.01357,0.47508,21,20,1,0,1924.13,500000,500,HalfCheetah-v4_P3O-ClosedLoopFull_seed5_steps500000
R026,closed_loop_breakthrough,Hopper-v4,P3O-ClosedLoopAlpha,0,200000,90.403,215.038,22468155.04,112.371,0.01544,0.36794,7,7,0,0,2159.37,200000,3686,Hopper-v4_P3O-ClosedLoopAlpha_seed0_steps200000
R027,closed_loop_breakthrough,Hopper-v4,P3O-ClosedLoopAlpha,0,300000,66.421,195.161,28237231.36,94.141,0.01650,0.34570,12,12,0,0,1273.07,300000,6256,Hopper-v4_P3O-ClosedLoopAlpha_seed0_steps300000
R028,closed_loop_breakthrough,Hopper-v4,P3O-ClosedLoopAlpha,1,300000,93.201,215.056,29667262.76,98.898,0.01542,0.34956,12,12,0,0,1335.52,300000,5850,Hopper-v4_P3O-ClosedLoopAlpha_seed1_steps300000
R029,closed_loop_breakthrough,Hopper-v4,P3O-ClosedLoopAlpha,2,300000,129.628,166.166,26751403.06,89.185,0.01546,0.34923,12,12,0,0,1326.82,300000,5671,Hopper-v4_P3O-ClosedLoopAlpha_seed2_steps300000
R030,closed_loop_breakthrough,Hopper-v4,P3O-ClosedLoopAlpha,0,500000,160.779,210.722,55062943.31,110.148,0.01642,0.31985,22,22,0,0,1674.70,500000,9998,Hopper-v4_P3O-ClosedLoopAlpha_seed0_steps500000
R031,closed_loop_breakthrough,Hopper-v4,P3O-ClosedLoopAlpha,1,500000,111.077,191.876,45592355.48,91.190,0.01608,0.32566,22,22,0,0,1687.24,500000,10353,Hopper-v4_P3O-ClosedLoopAlpha_seed1_steps500000
R032,closed_loop_breakthrough,Hopper-v4,P3O-ClosedLoopAlpha,2,500000,92.911,160.460,43855089.25,87.732,0.01602,0.32529,22,22,0,0,1673.02,500000,9094,Hopper-v4_P3O-ClosedLoopAlpha_seed2_steps500000
R033,closed_loop_breakthrough,Hopper-v4,P3O-ClosedLoopAlpha,3,500000,146.737,220.748,52024039.94,104.056,0.01418,0.29405,20,19,1,0,2006.21,500000,10501,Hopper-v4_P3O-ClosedLoopAlpha_seed3_steps500000
R034,closed_loop_breakthrough,Hopper-v4,P3O-ClosedLoopAlpha,4,500000,165.058,337.249,64890916.26,129.822,0.01558,0.31104,22,21,1,0,1991.62,500000,8995,Hopper-v4_P3O-ClosedLoopAlpha_seed4_steps500000
R035,closed_loop_breakthrough,Hopper-v4,P3O-ClosedLoopFull,0,200000,89.860,206.562,19864532.27,99.340,0.01633,0.44541,7,7,0,0,2217.88,200000,3996,Hopper-v4_P3O-ClosedLoopFull_seed0_steps200000
R036,closed_loop_breakthrough,Hopper-v4,P3O-ClosedLoopFull,0,300000,70.580,204.535,30278565.85,100.940,0.01769,0.45398,12,12,0,0,1330.92,300000,5883,Hopper-v4_P3O-ClosedLoopFull_seed0_steps300000
R037,closed_loop_breakthrough,Hopper-v4,P3O-ClosedLoopFull,1,300000,96.513,142.558,24640575.08,82.144,0.01608,0.46109,12,12,0,0,1333.43,300000,6346,Hopper-v4_P3O-ClosedLoopFull_seed1_steps300000
R038,closed_loop_breakthrough,Hopper-v4,P3O-ClosedLoopFull,2,300000,79.085,187.424,24084405.96,80.294,0.01809,0.45324,12,12,0,0,1807.42,300000,6774,Hopper-v4_P3O-ClosedLoopFull_seed2_steps300000
R039,closed_loop_breakthrough,Hopper-v4,P3O-ClosedLoopFull,0,500000,128.745,215.577,67811697.73,135.640,0.01818,0.46152,22,22,0,0,1851.27,500000,7608,Hopper-v4_P3O-ClosedLoopFull_seed0_steps500000
R040,closed_loop_breakthrough,Hopper-v4,P3O-ClosedLoopFull,1,500000,162.932,262.434,58842961.14,117.712,0.01699,0.46503,22,22,0,0,1800.77,500000,7854,Hopper-v4_P3O-ClosedLoopFull_seed1_steps500000
R041,closed_loop_breakthrough,Hopper-v4,P3O-ClosedLoopFull,2,500000,175.472,219.566,52949391.11,105.910,0.01799,0.46155,22,22,0,0,1760.53,500000,9495,Hopper-v4_P3O-ClosedLoopFull_seed2_steps500000
R042,closed_loop_breakthrough,Hopper-v4,P3O-ClosedLoopFull,3,500000,123.548,178.273,39827694.42,79.682,0.01593,0.44946,20,19,1,0,1978.30,500000,11762,Hopper-v4_P3O-ClosedLoopFull_seed3_steps500000
R043,closed_loop_breakthrough,Hopper-v4,P3O-ClosedLoopFull,4,500000,161.130,564.275,87204984.11,174.441,0.01397,0.48461,22,21,1,0,1993.72,500000,6445,Hopper-v4_P3O-ClosedLoopFull_seed4_steps500000
R044,closed_loop_breakthrough,Hopper-v4,P3O-ClosedLoopFull,5,500000,48.814,147.199,36914551.82,73.833,0.01740,0.45815,22,21,1,0,1503.71,500000,10368,Hopper-v4_P3O-ClosedLoopFull_seed5_steps500000
R045,closed_loop_breakthrough,Walker2d-v4,P3O-ClosedLoopAlpha,0,500000,113.134,287.506,29627534.47,59.258,0.01731,0.41152,22,21,1,0,1694.59,500000,6416,Walker2d-v4_P3O-ClosedLoopAlpha_seed0_steps500000
R046,closed_loop_breakthrough,Walker2d-v4,P3O-ClosedLoopAlpha,1,500000,230.635,260.643,28509079.29,57.022,0.01768,0.39677,22,22,0,0,1645.54,500000,5303,Walker2d-v4_P3O-ClosedLoopAlpha_seed1_steps500000
R047,closed_loop_breakthrough,Walker2d-v4,P3O-ClosedLoopAlpha,2,500000,122.411,363.046,51382730.13,102.777,0.01732,0.40579,22,22,0,0,1614.65,500000,6483,Walker2d-v4_P3O-ClosedLoopAlpha_seed2_steps500000
R048,closed_loop_breakthrough,Walker2d-v4,P3O-ClosedLoopAlpha,3,500000,145.018,355.435,83585126.41,167.183,0.01623,0.40762,22,21,1,0,1981.25,500000,5580,Walker2d-v4_P3O-ClosedLoopAlpha_seed3_steps500000
R049,closed_loop_breakthrough,Walker2d-v4,P3O-ClosedLoopAlpha,4,500000,111.367,332.188,50479760.68,101.009,0.01694,0.40117,22,21,1,0,2015.31,500000,4749,Walker2d-v4_P3O-ClosedLoopAlpha_seed4_steps500000
R050,closed_loop_breakthrough,Walker2d-v4,P3O-ClosedLoopFull,0,500000,-4.399,75.849,1930703.71,3.862,0.01930,0.44139,22,21,1,0,1629.66,500000,7258,Walker2d-v4_P3O-ClosedLoopFull_seed0_steps500000
R051,closed_loop_breakthrough,Walker2d-v4,P3O-ClosedLoopFull,1,500000,6.119,72.933,-1016396.93,-2.033,0.01931,0.44170,22,22,0,0,1663.53,500000,6365,Walker2d-v4_P3O-ClosedLoopFull_seed1_steps500000
R052,closed_loop_breakthrough,Walker2d-v4,P3O-ClosedLoopFull,2,500000,-3.264,121.027,10042732.46,20.094,0.01950,0.44362,22,22,0,0,1652.10,500000,6567,Walker2d-v4_P3O-ClosedLoopFull_seed2_steps500000
R053,closed_loop_breakthrough,Walker2d-v4,P3O-ClosedLoopFull,3,500000,143.008,371.830,65526518.47,131.071,0.01712,0.44741,22,21,1,0,1984.04,500000,5495,Walker2d-v4_P3O-ClosedLoopFull_seed3_steps500000
R054,closed_loop_breakthrough,Walker2d-v4,P3O-ClosedLoopFull,4,500000,223.903,417.489,101181568.77,202.519,0.01742,0.44362,22,21,1,0,1996.23,500000,3781,Walker2d-v4_P3O-ClosedLoopFull_seed4_steps500000
R055,closed_loop_breakthrough,Walker2d-v4,P3O-ClosedLoopFull,5,500000,124.638,189.282,27813036.50,55.638,0.01731,0.44179,20,19,1,0,1609.83,500000,7139,Walker2d-v4_P3O-ClosedLoopFull_seed5_steps500000
R056,event_mechanism,HalfCheetah-v4,P3O-dyn+EvtSBP+AdaReset+HardDistill,0,500000,-889.884,-658.597,-387114045.00,-775.780,0.01307,0.32474,15,13,2,0,2504.90,500000,500,HalfCheetah-v4_P3O-dyn+EvtSBP+AdaReset+HardDistill_seed0_steps500000
R057,event_mechanism,HalfCheetah-v4,P3O-dyn+EvtSBP+AdaReset+HardDistill,1,500000,-899.016,-622.516,-404022252.00,-809.664,0.01410,0.31740,19,18,1,0,2514.20,500000,500,HalfCheetah-v4_P3O-dyn+EvtSBP+AdaReset+HardDistill_seed1_steps500000
R058,event_mechanism,HalfCheetah-v4,P3O-dyn+EvtSBP+AdaReset+HardDistill,2,500000,-725.965,-562.524,-361380142.00,-724.209,0.01422,0.34847,18,17,1,0,2321.25,500000,500,HalfCheetah-v4_P3O-dyn+EvtSBP+AdaReset+HardDistill_seed2_steps500000
R059,event_mechanism,HalfCheetah-v4,P3O-dyn+EvtSBP+AdaReset+HardDistill,3,500000,-759.025,-629.189,-361270134.50,-723.988,0.01195,0.36849,7,2,5,0,2107.62,500000,500,HalfCheetah-v4_P3O-dyn+EvtSBP+AdaReset+HardDistill_seed3_steps500000
R060,event_mechanism,HalfCheetah-v4,P3O-dyn+EvtSBP+AdaReset+HardDistill,4,500000,-836.333,-600.080,-391665759.00,-784.901,0.01372,0.38293,16,15,1,0,2110.60,500000,500,HalfCheetah-v4_P3O-dyn+EvtSBP+AdaReset+HardDistill_seed4_steps500000
R061,event_mechanism,HalfCheetah-v4,P3O-dyn+EvtSBP+AdaReset+HardDistill,5,500000,-820.350,-626.008,-381059550.00,-763.646,0.01323,0.37398,14,12,2,0,1834.69,500000,500,HalfCheetah-v4_P3O-dyn+EvtSBP+AdaReset+HardDistill_seed5_steps500000
R062,event_mechanism,Hopper-v4,P3O-dyn+EvtSBP+AdaReset+HardDistill,0,200000,183.322,229.418,23955007.32,119.812,0.01559,0.27447,7,7,0,0,823.95,200000,3590,Hopper-v4_P3O-dyn+EvtSBP+AdaReset+HardDistill_seed0_steps200000
R063,event_mechanism,Hopper-v4,P3O-dyn+EvtSBP+AdaReset+HardDistill,0,300000,157.769,198.162,33636966.89,112.135,0.01633,0.28980,12,12,0,0,1284.41,300000,5606,Hopper-v4_P3O-dyn+EvtSBP+AdaReset+HardDistill_seed0_steps300000
R064,event_mechanism,Hopper-v4,P3O-dyn+EvtSBP+AdaReset+HardDistill,1,300000,99.481,149.875,22111798.94,73.720,0.01508,0.30460,12,12,0,0,1273.02,300000,6902,Hopper-v4_P3O-dyn+EvtSBP+AdaReset+HardDistill_seed1_steps300000
R065,event_mechanism,Hopper-v4,P3O-dyn+EvtSBP+AdaReset+HardDistill,2,300000,113.744,219.090,25365805.02,84.576,0.01633,0.29877,12,12,0,0,1274.21,300000,6269,Hopper-v4_P3O-dyn+EvtSBP+AdaReset+HardDistill_seed2_steps300000
R066,event_mechanism,Hopper-v4,P3O-dyn+EvtSBP+AdaReset+HardDistill,0,500000,139.639,218.399,61086213.34,122.178,0.01668,0.30755,22,22,0,0,1762.29,500000,8180,Hopper-v4_P3O-dyn+EvtSBP+AdaReset+HardDistill_seed0_steps500000
R067,event_mechanism,Hopper-v4,P3O-dyn+EvtSBP+AdaReset+HardDistill,1,500000,157.730,195.742,50520698.75,101.063,0.01553,0.31596,22,22,0,0,1782.67,500000,9743,Hopper-v4_P3O-dyn+EvtSBP+AdaReset+HardDistill_seed1_steps500000
R068,event_mechanism,Hopper-v4,P3O-dyn+EvtSBP+AdaReset+HardDistill,2,500000,72.560,131.182,32913138.37,65.834,0.01678,0.30309,22,22,0,0,1753.68,500000,12896,Hopper-v4_P3O-dyn+EvtSBP+AdaReset+HardDistill_seed2_steps500000
R069,event_mechanism,Hopper-v4,P3O-dyn+EvtSBP+AdaReset+HardDistill,3,500000,121.350,177.688,42139249.57,84.285,0.01391,0.31098,17,16,1,0,1973.84,500000,11967,Hopper-v4_P3O-dyn+EvtSBP+AdaReset+HardDistill_seed3_steps500000
R070,event_mechanism,Hopper-v4,P3O-dyn+EvtSBP+AdaReset+HardDistill,4,500000,209.754,337.248,60482351.93,121.009,0.01466,0.32117,22,21,1,0,1991.70,500000,8549,Hopper-v4_P3O-dyn+EvtSBP+AdaReset+HardDistill_seed4_steps500000
R071,event_mechanism,Hopper-v4,P3O-dyn+EvtSBP+AdaReset+HardDistill,5,500000,109.820,204.387,42832320.03,85.680,0.01576,0.30339,22,21,1,0,1505.76,500000,10368,Hopper-v4_P3O-dyn+EvtSBP+AdaReset+HardDistill_seed5_steps500000
R072,event_mechanism,Walker2d-v4,P3O-dyn+EvtSBP+AdaReset+HardDistill,0,500000,103.386,276.570,40738988.68,81.522,0.01718,0.27292,22,21,1,0,1748.27,500000,6067,Walker2d-v4_P3O-dyn+EvtSBP+AdaReset+HardDistill_seed0_steps500000
R073,event_mechanism,Walker2d-v4,P3O-dyn+EvtSBP+AdaReset+HardDistill,1,500000,110.216,261.313,29561680.83,59.131,0.01784,0.27134,22,22,0,0,2100.95,500000,5349,Walker2d-v4_P3O-dyn+EvtSBP+AdaReset+HardDistill_seed1_steps500000
R074,event_mechanism,Walker2d-v4,P3O-dyn+EvtSBP+AdaReset+HardDistill,2,500000,63.264,241.488,33819650.70,67.665,0.01769,0.27619,22,22,0,0,2100.13,500000,6983,Walker2d-v4_P3O-dyn+EvtSBP+AdaReset+HardDistill_seed2_steps500000
R075,event_mechanism,Walker2d-v4,P3O-dyn+EvtSBP+AdaReset+HardDistill,3,500000,153.854,318.017,70502892.75,141.105,0.01646,0.27736,22,21,1,0,1998.85,500000,5594,Walker2d-v4_P3O-dyn+EvtSBP+AdaReset+HardDistill_seed3_steps500000
R076,event_mechanism,Walker2d-v4,P3O-dyn+EvtSBP+AdaReset+HardDistill,4,500000,150.548,393.620,70556212.49,141.161,0.01672,0.27194,22,21,1,0,2023.51,500000,4519,Walker2d-v4_P3O-dyn+EvtSBP+AdaReset+HardDistill_seed4_steps500000
R077,event_mechanism,Walker2d-v4,P3O-dyn+EvtSBP+AdaReset+HardDistill,5,500000,48.467,215.673,33745423.39,67.521,0.01674,0.27130,21,20,1,0,1523.53,500000,6557,Walker2d-v4_P3O-dyn+EvtSBP+AdaReset+HardDistill_seed5_steps500000
R078,extra_innovation,Hopper-v4,P3O-dyn+AdaReset,0,200000,128.134,219.294,22748779.79,113.772,0.01342,0.35180,4,0,0,4,2538.65,200000,3411,Hopper-v4_P3O-dyn+AdaReset_seed0_steps200000
R079,extra_innovation,Hopper-v4,P3O-dyn+AdaReset,0,300000,126.517,204.232,23116701.17,77.068,0.01505,0.31077,6,0,0,6,1187.93,300000,6874,Hopper-v4_P3O-dyn+AdaReset_seed0_steps300000
R080,extra_innovation,Hopper-v4,P3O-dyn+AdaReset,1,300000,132.808,224.346,35622343.32,118.768,0.01429,0.31503,6,0,0,6,1275.01,300000,5182,Hopper-v4_P3O-dyn+AdaReset_seed1_steps300000
R081,extra_innovation,Hopper-v4,P3O-dyn+AdaReset,2,300000,46.112,134.532,19424064.41,64.756,0.01591,0.30923,6,0,0,6,1249.07,300000,7882,Hopper-v4_P3O-dyn+AdaReset_seed2_steps300000
R082,extra_innovation,Hopper-v4,P3O-dyn+AdaReset,0,500000,188.652,239.230,58069099.96,116.147,0.01357,0.38072,10,0,0,10,2449.49,500000,8201,Hopper-v4_P3O-dyn+AdaReset_seed0_steps500000
R083,extra_innovation,Hopper-v4,P3O-dyn+AdaReset,1,500000,130.407,194.120,37889746.91,75.792,0.01448,0.38072,10,0,0,10,2370.20,500000,17533,Hopper-v4_P3O-dyn+AdaReset_seed1_steps500000
R084,extra_innovation,Hopper-v4,P3O-dyn+AdaReset,2,500000,187.452,229.646,54726642.68,109.464,0.01598,0.31633,10,0,0,10,2049.71,500000,9263,Hopper-v4_P3O-dyn+AdaReset_seed2_steps500000
R085,extra_innovation,Hopper-v4,P3O-dyn+AdaReset+HardDistill,0,200000,77.214,180.746,18739206.97,93.711,0.01490,0.30172,4,0,0,4,1081.41,200000,4065,Hopper-v4_P3O-dyn+AdaReset+HardDistill_seed0_steps200000
R086,extra_innovation,Hopper-v4,P3O-dyn+AdaReset+HardDistill,0,300000,85.398,187.508,25797674.41,86.005,0.01607,0.30547,6,0,0,6,1306.63,300000,6846,Hopper-v4_P3O-dyn+AdaReset+HardDistill_seed0_steps300000
R087,extra_innovation,Hopper-v4,P3O-dyn+AdaReset+HardDistill,1,300000,141.754,217.815,29203100.58,97.375,0.01511,0.31150,6,0,0,6,1306.89,300000,6129,Hopper-v4_P3O-dyn+AdaReset+HardDistill_seed1_steps300000
R088,extra_innovation,Hopper-v4,P3O-dyn+AdaReset+HardDistill,2,300000,182.261,225.691,30749216.07,102.526,0.01482,0.31947,6,0,0,6,1307.04,300000,5224,Hopper-v4_P3O-dyn+AdaReset+HardDistill_seed2_steps300000
R089,extra_innovation,Hopper-v4,P3O-dyn+AdaReset+HardDistill,0,500000,136.344,219.114,64280496.35,128.573,0.01366,0.38072,10,0,0,10,2369.06,500000,7552,Hopper-v4_P3O-dyn+AdaReset+HardDistill_seed0_steps500000
R090,extra_innovation,Hopper-v4,P3O-dyn+AdaReset+HardDistill,1,500000,49.416,278.473,37764398.04,75.536,0.01386,0.38072,10,0,0,10,2397.03,500000,13831,Hopper-v4_P3O-dyn+AdaReset+HardDistill_seed1_steps500000
R091,extra_innovation,Hopper-v4,P3O-dyn+AdaReset+HardDistill,2,500000,57.051,158.205,37694561.17,75.393,0.01587,0.31933,10,0,0,10,2035.10,500000,10748,Hopper-v4_P3O-dyn+AdaReset+HardDistill_seed2_steps500000
R092,extra_innovation,Hopper-v4,P3O-dyn+HardDistill,0,300000,144.714,197.044,23069478.21,76.919,0.01000,0.31127,6,0,0,6,1255.56,300000,7553,Hopper-v4_P3O-dyn+HardDistill_seed0_steps300000
R093,extra_innovation,Hopper-v4,P3O-dyn+HardDistill,1,300000,122.097,158.385,21815199.31,72.734,0.01000,0.31510,6,0,0,6,1266.16,300000,6672,Hopper-v4_P3O-dyn+HardDistill_seed1_steps300000
R094,extra_innovation,Hopper-v4,P3O-dyn+HardDistill,2,300000,65.971,116.340,17590682.28,58.643,0.01000,0.30935,6,0,0,6,1291.80,300000,8030,Hopper-v4_P3O-dyn+HardDistill_seed2_steps300000
R095,extra_innovation,Hopper-v4,P3O-dyn+HardDistill,0,500000,36.948,230.844,57582080.98,115.170,0.01000,0.38072,10,0,0,10,1107.42,500000,8371,Hopper-v4_P3O-dyn+HardDistill_seed0_steps500000
R096,extra_innovation,Hopper-v4,P3O-dyn+HardDistill,1,500000,72.225,201.583,39917749.80,79.840,0.01000,0.38072,10,0,0,10,1358.38,500000,13205,Hopper-v4_P3O-dyn+HardDistill_seed1_steps500000
R097,extra_innovation,Hopper-v4,P3O-dyn+HardDistill,2,500000,61.864,188.828,42258164.55,84.523,0.01000,0.31609,10,0,0,10,2016.97,500000,10313,Hopper-v4_P3O-dyn+HardDistill_seed2_steps500000
R098,extra_innovation,Walker2d-v4,P3O-dyn+AdaReset,0,500000,34.651,241.926,35828822.57,71.667,0.01353,0.38072,10,0,0,10,2517.58,500000,4967,Walker2d-v4_P3O-dyn+AdaReset_seed0_steps500000
R099,extra_innovation,Walker2d-v4,P3O-dyn+AdaReset,1,500000,210.417,313.082,13400946.01,26.804,0.01296,0.38072,10,0,0,10,2364.40,500000,6253,Walker2d-v4_P3O-dyn+AdaReset_seed1_steps500000
R100,extra_innovation,Walker2d-v4,P3O-dyn+AdaReset,2,500000,202.487,340.989,49146872.76,98.338,0.01636,0.29790,10,0,0,10,2025.64,500000,7059,Walker2d-v4_P3O-dyn+AdaReset_seed2_steps500000
R101,extra_innovation,Walker2d-v4,P3O-dyn+AdaReset+HardDistill,0,500000,137.266,297.829,50868486.82,101.747,0.01382,0.38072,10,0,0,10,2530.15,500000,4133,Walker2d-v4_P3O-dyn+AdaReset+HardDistill_seed0_steps500000
R102,extra_innovation,Walker2d-v4,P3O-dyn+AdaReset+HardDistill,1,500000,105.198,328.445,8676245.50,17.363,0.01216,0.38072,10,0,0,10,2440.52,500000,7963,Walker2d-v4_P3O-dyn+AdaReset+HardDistill_seed1_steps500000
R103,extra_innovation,Walker2d-v4,P3O-dyn+AdaReset+HardDistill,2,500000,261.236,367.758,53319575.64,106.666,0.01623,0.29466,10,0,0,10,2029.61,500000,5585,Walker2d-v4_P3O-dyn+AdaReset+HardDistill_seed2_steps500000
R104,extra_innovation,Walker2d-v4,P3O-dyn+HardDistill,0,500000,75.324,217.251,37878250.11,75.767,0.01000,0.38072,10,0,0,10,1784.80,500000,4590,Walker2d-v4_P3O-dyn+HardDistill_seed0_steps500000
R105,extra_innovation,Walker2d-v4,P3O-dyn+HardDistill,1,500000,321.819,331.157,23349922.24,46.719,0.01000,0.38072,10,0,0,10,1208.56,500000,4833,Walker2d-v4_P3O-dyn+HardDistill_seed1_steps500000
R106,extra_innovation,Walker2d-v4,P3O-dyn+HardDistill,2,500000,242.985,377.112,84386235.40,168.826,0.01000,0.29709,10,0,0,10,1997.52,500000,5651,Walker2d-v4_P3O-dyn+HardDistill_seed2_steps500000
R107,main,HalfCheetah-v4,P3O,0,500000,-839.494,-658.597,-392735162.00,-787.044,N/A,0.38072,10,0,0,10,4032.96,500000,500,HalfCheetah-v4_P3O_seed0_steps500000
R108,main,HalfCheetah-v4,P3O,1,500000,-824.542,-622.516,-402200137.00,-806.012,N/A,0.38072,10,0,0,10,4004.41,500000,500,HalfCheetah-v4_P3O_seed1_steps500000
R109,main,HalfCheetah-v4,P3O,2,500000,-874.078,-562.524,-387826018.50,-777.206,N/A,0.38072,10,0,0,10,4138.16,500000,500,HalfCheetah-v4_P3O_seed2_steps500000
R110,main,HalfCheetah-v4,P3O,3,500000,-814.993,-629.189,-382317512.50,-766.167,N/A,0.38072,10,0,0,10,3825.64,500000,500,HalfCheetah-v4_P3O_seed3_steps500000
R111,main,HalfCheetah-v4,P3O,4,500000,-791.160,-600.080,-397440833.50,-796.475,N/A,0.38072,10,0,0,10,3835.91,500000,500,HalfCheetah-v4_P3O_seed4_steps500000
R112,main,HalfCheetah-v4,PPO,0,500000,-786.627,-658.597,-399968059.50,-801.539,N/A,N/A,0,0,0,0,4272.61,500000,500,HalfCheetah-v4_PPO_seed0_steps500000
R113,main,HalfCheetah-v4,PPO,1,500000,-846.491,-622.516,-397331209.50,-796.255,N/A,N/A,0,0,0,0,4275.09,500000,500,HalfCheetah-v4_PPO_seed1_steps500000
R114,main,HalfCheetah-v4,PPO,2,500000,-783.353,-562.524,-379743139.00,-761.008,N/A,N/A,0,0,0,0,4302.62,500000,500,HalfCheetah-v4_PPO_seed2_steps500000
R115,main,HalfCheetah-v4,PPO,3,500000,-785.036,-629.189,-377823115.00,-757.161,N/A,N/A,0,0,0,0,3247.45,500000,500,HalfCheetah-v4_PPO_seed3_steps500000
R116,main,HalfCheetah-v4,PPO,4,500000,-864.061,-600.080,-394903983.00,-791.391,N/A,N/A,0,0,0,0,3217.52,500000,500,HalfCheetah-v4_PPO_seed4_steps500000
R117,main,HalfCheetah-v4,PPO+Cycle,0,500000,-897.759,-656.376,-395985322.50,-793.558,N/A,0.40000,10,0,0,10,4307.33,500000,500,HalfCheetah-v4_PPO+Cycle_seed0_steps500000
R118,main,HalfCheetah-v4,PPO+Cycle,1,500000,-764.796,-622.516,-377479525.00,-756.472,N/A,0.40000,10,0,0,10,4293.57,500000,500,HalfCheetah-v4_PPO+Cycle_seed1_steps500000
R119,main,HalfCheetah-v4,PPO+Cycle,2,500000,-811.339,-562.524,-368979424.00,-739.438,N/A,0.40000,10,0,0,10,4274.27,500000,500,HalfCheetah-v4_PPO+Cycle_seed2_steps500000
R120,main,HalfCheetah-v4,PPO+Cycle,3,500000,-798.383,-629.189,-375384071.50,-752.273,N/A,0.40000,10,0,0,10,3495.57,500000,500,HalfCheetah-v4_PPO+Cycle_seed3_steps500000
R121,main,HalfCheetah-v4,PPO+Cycle,4,500000,-838.848,-600.080,-398059923.50,-797.715,N/A,0.40000,10,0,0,10,3480.35,500000,500,HalfCheetah-v4_PPO+Cycle_seed4_steps500000
R122,main,Hopper-v4,P3O,0,200000,15.908,282.794,23827935.39,119.164,N/A,0.35180,4,0,0,4,1287.35,200000,3977,Hopper-v4_P3O_seed0_steps200000
R123,main,Hopper-v4,P3O,0,500000,128.777,255.603,65361078.83,130.738,N/A,0.38072,10,0,0,10,3331.55,500000,8046,Hopper-v4_P3O_seed0_steps500000
R124,main,Hopper-v4,P3O,1,500000,67.931,255.287,55008111.94,110.034,N/A,0.38072,10,0,0,10,3287.05,500000,9010,Hopper-v4_P3O_seed1_steps500000
R125,main,Hopper-v4,P3O,2,500000,91.786,171.031,40413432.59,80.838,N/A,0.38072,10,0,0,10,3243.06,500000,11740,Hopper-v4_P3O_seed2_steps500000
R126,main,Hopper-v4,P3O,3,500000,69.635,246.656,47337576.37,94.687,N/A,0.38072,10,0,0,10,2668.28,500000,10482,Hopper-v4_P3O_seed3_steps500000
R127,main,Hopper-v4,P3O,4,500000,167.744,480.770,95622243.46,191.264,N/A,0.38072,10,0,0,10,2645.95,500000,7565,Hopper-v4_P3O_seed4_steps500000
R128,main,Hopper-v4,PPO,0,200000,106.874,238.112,21163875.15,105.851,N/A,N/A,0,0,0,0,1360.52,200000,3640,Hopper-v4_PPO_seed0_steps200000
R129,main,Hopper-v4,PPO,0,500000,121.621,231.323,60052142.32,120.111,N/A,N/A,0,0,0,0,3456.38,500000,10591,Hopper-v4_PPO_seed0_steps500000
R130,main,Hopper-v4,PPO,1,500000,116.737,366.752,63566972.89,127.151,N/A,N/A,0,0,0,0,3321.29,500000,5845,Hopper-v4_PPO_seed1_steps500000
R131,main,Hopper-v4,PPO,2,500000,197.107,356.871,66116540.92,132.242,N/A,N/A,0,0,0,0,3281.85,500000,6951,Hopper-v4_PPO_seed2_steps500000
R132,main,Hopper-v4,PPO,3,500000,135.800,181.905,46177978.10,92.369,N/A,N/A,0,0,0,0,2482.38,500000,11581,Hopper-v4_PPO_seed3_steps500000
R133,main,Hopper-v4,PPO,4,500000,368.368,514.425,77435727.08,154.916,N/A,N/A,0,0,0,0,2498.15,500000,7577,Hopper-v4_PPO_seed4_steps500000
R134,main,Hopper-v4,PPO,0,3000000,161.813,168.024,17446947.45,64.585,N/A,N/A,0,0,0,0,1231.18,270157,9703,Hopper-v4_PPO_seed0_steps3000000
R135,main,Hopper-v4,PPO+Cycle,0,200000,195.263,225.448,18368592.91,91.921,N/A,0.40000,4,0,0,4,1387.25,200000,4499,Hopper-v4_PPO+Cycle_seed0_steps200000
R136,main,Hopper-v4,PPO+Cycle,0,500000,97.781,257.463,56296805.39,112.600,N/A,0.40000,10,0,0,10,3585.80,500000,9252,Hopper-v4_PPO+Cycle_seed0_steps500000
R137,main,Hopper-v4,PPO+Cycle,1,500000,88.035,245.811,40612386.64,81.230,N/A,0.40000,10,0,0,10,3643.88,500000,12221,Hopper-v4_PPO+Cycle_seed1_steps500000
R138,main,Hopper-v4,PPO+Cycle,2,500000,326.476,744.754,115287577.97,230.707,N/A,0.40000,10,0,0,10,3322.84,500000,4705,Hopper-v4_PPO+Cycle_seed2_steps500000
R139,main,Hopper-v4,PPO+Cycle,3,500000,144.549,239.909,49097817.93,98.212,N/A,0.40000,10,0,0,10,2464.74,500000,10208,Hopper-v4_PPO+Cycle_seed3_steps500000
R140,main,Hopper-v4,PPO+Cycle,4,500000,211.079,333.869,76417840.18,152.860,N/A,0.40000,10,0,0,10,2474.59,500000,8331,Hopper-v4_PPO+Cycle_seed4_steps500000
R141,main,Walker2d-v4,P3O,0,500000,83.187,230.602,25352299.73,50.712,N/A,0.38072,10,0,0,10,3259.12,500000,5449,Walker2d-v4_P3O_seed0_steps500000
R142,main,Walker2d-v4,P3O,1,500000,31.403,57.058,-3504784.09,-7.010,N/A,0.38072,10,0,0,10,3226.91,500000,6671,Walker2d-v4_P3O_seed1_steps500000
R143,main,Walker2d-v4,P3O,2,500000,203.311,319.373,66322575.01,132.704,N/A,0.38072,10,0,0,10,3153.99,500000,6209,Walker2d-v4_P3O_seed2_steps500000
R144,main,Walker2d-v4,P3O,3,500000,293.482,372.935,90974319.77,181.966,N/A,0.38072,10,0,0,10,2608.83,500000,6038,Walker2d-v4_P3O_seed3_steps500000
R145,main,Walker2d-v4,P3O,4,500000,215.154,401.650,89080396.49,178.192,N/A,0.38072,10,0,0,10,2677.07,500000,3946,Walker2d-v4_P3O_seed4_steps500000
R146,main,Walker2d-v4,PPO,0,500000,-11.790,55.705,-1518502.34,-3.037,N/A,N/A,0,0,0,0,3123.06,500000,10610,Walker2d-v4_PPO_seed0_steps500000
R147,main,Walker2d-v4,PPO,1,500000,74.668,175.808,21104247.74,42.218,N/A,N/A,0,0,0,0,3096.78,500000,7285,Walker2d-v4_PPO_seed1_steps500000
R148,main,Walker2d-v4,PPO,2,500000,238.371,368.225,64447002.09,128.931,N/A,N/A,0,0,0,0,3261.93,500000,5794,Walker2d-v4_PPO_seed2_steps500000
R149,main,Walker2d-v4,PPO,3,500000,244.545,414.031,94230199.59,188.483,N/A,N/A,0,0,0,0,2387.71,500000,6125,Walker2d-v4_PPO_seed3_steps500000
R150,main,Walker2d-v4,PPO,4,500000,251.560,448.646,91447084.31,182.948,N/A,N/A,0,0,0,0,2430.87,500000,3998,Walker2d-v4_PPO_seed4_steps500000
R151,main,Walker2d-v4,PPO+Cycle,0,500000,125.778,187.466,24986341.42,49.977,N/A,0.40000,10,0,0,10,3639.91,500000,5110,Walker2d-v4_PPO+Cycle_seed0_steps500000
R152,main,Walker2d-v4,PPO+Cycle,1,500000,65.538,238.690,15088471.34,30.181,N/A,0.40000,10,0,0,10,3585.21,500000,5385,Walker2d-v4_PPO+Cycle_seed1_steps500000
R153,main,Walker2d-v4,PPO+Cycle,2,500000,93.858,183.855,13853385.04,27.713,N/A,0.40000,10,0,0,10,3275.61,500000,6568,Walker2d-v4_PPO+Cycle_seed2_steps500000
R154,main,Walker2d-v4,PPO+Cycle,3,500000,244.982,462.648,85786736.33,171.642,N/A,0.40000,10,0,0,10,2650.43,500000,5940,Walker2d-v4_PPO+Cycle_seed3_steps500000
R155,main,Walker2d-v4,PPO+Cycle,4,500000,197.144,373.109,96355394.93,192.757,N/A,0.40000,10,0,0,10,2664.89,500000,3854,Walker2d-v4_PPO+Cycle_seed4_steps500000
