algo,sequence,steps_per_phase,num_runs,seeds,final_eval_a_reward_mean_std,final_eval_a_reward_bootstrap95,final_retention_a_mean_std,final_retention_a_bootstrap95,final_forgetting_a_mean_std,final_forgetting_a_bootstrap95,auc_eval_reward_norm_mean_std,auc_eval_reward_norm_bootstrap95,sbp_trigger_count_mean_std,event_trigger_total,force_trigger_total,periodic_trigger_total
P3O,Hopper-v4 -> Walker2d-v4 -> Hopper-v4,20000,1,0,56.587,N/A,0.601283,N/A,37.523,N/A,66.098,N/A,2.00,0,0,2
P3O,Hopper-v4 -> Walker2d-v4 -> Hopper-v4,80000,10,"0,1,2,3,4,5,6,7,8,9",110.136 +/- 84.156,"[62.881, 164.191]",0.429167 +/- 0.394064,"[0.225140, 0.720121]",231.888 +/- 216.296,"[110.373, 392.745]",113.554 +/- 50.465,"[89.797, 150.269]",8.00 +/- 0.00,0,0,80
P3O,Walker2d-v4 -> HalfCheetah-v4 -> Walker2d-v4,80000,5,"0,1,2,3,4",273.266 +/- 60.589,"[221.258, 328.189]",4.437771 +/- 4.246925,"[0.939344, 8.084322]",12.447 +/- 24.894,"[0.000, 37.341]",120.706 +/- 86.368,"[44.068, 191.689]",8.00 +/- 0.00,0,0,40
P3O-ClosedLoopFull,Hopper-v4 -> Walker2d-v4 -> Hopper-v4,20000,1,0,175.931,N/A,1.869408,N/A,0.000,N/A,86.190,N/A,3.00,1,2,0
P3O-ClosedLoopFull,Hopper-v4 -> Walker2d-v4 -> Hopper-v4,80000,20,"0,1,10,11,12,13,14,15,16,17,18,19,2,3,4,5,6,7,8,9",78.511 +/- 47.741,"[58.409, 100.412]",0.466351 +/- 0.316921,"[0.329216, 0.614995]",147.808 +/- 177.382,"[84.958, 231.622]",91.094 +/- 41.515,"[74.846, 110.089]",8.45 +/- 1.07,76,93,0
P3O-ClosedLoopFull,Walker2d-v4 -> HalfCheetah-v4 -> Walker2d-v4,80000,5,"0,1,2,3,4",195.246 +/- 104.158,"[103.817, 280.357]",5.825552 +/- 5.707381,"[1.038386, 11.290535]",49.239 +/- 98.479,"[0.000, 147.718]",81.813 +/- 87.699,"[6.786, 159.522]",9.00 +/- 0.00,22,23,0
P3O-ClosedLoopMemory,Hopper-v4 -> Walker2d-v4 -> Hopper-v4,20000,1,0,38.803,N/A,0.412311,N/A,55.308,N/A,59.543,N/A,3.00,1,2,0
P3O-ClosedLoopMemory,Hopper-v4 -> Walker2d-v4 -> Hopper-v4,80000,20,"0,1,10,11,12,13,14,15,16,17,18,19,2,3,4,5,6,7,8,9",162.797 +/- 175.606,"[103.061, 243.717]",0.757771 +/- 0.599929,"[0.516789, 1.024843]",116.473 +/- 186.929,"[55.353, 206.806]",108.464 +/- 40.623,"[91.405, 127.505]",8.00 +/- 1.14,63,97,0
P3O-ClosedLoopMemory,Walker2d-v4 -> HalfCheetah-v4 -> Walker2d-v4,80000,5,"0,1,2,3,4",140.281 +/- 143.415,"[18.719, 261.843]",0.541105 +/- 0.683731,"[-0.028303, 1.110514]",114.056 +/- 108.928,"[35.803, 217.823]",102.975 +/- 65.389,"[48.105, 157.058]",9.60 +/- 1.20,27,21,0
PPO,Hopper-v4 -> Walker2d-v4 -> Hopper-v4,20000,1,0,57.963,N/A,0.615909,N/A,36.147,N/A,60.424,N/A,0.00,0,0,0
PPO,Hopper-v4 -> Walker2d-v4 -> Hopper-v4,80000,10,"0,1,2,3,4,5,6,7,8,9",119.878 +/- 72.767,"[76.532, 167.696]",0.636116 +/- 0.407058,"[0.390513, 0.920769]",162.688 +/- 256.520,"[45.258, 351.878]",98.702 +/- 32.399,"[79.142, 120.090]",0.00 +/- 0.00,0,0,0
PPO,Walker2d-v4 -> HalfCheetah-v4 -> Walker2d-v4,80000,5,"0,1,2,3,4",211.100 +/- 81.398,"[141.630, 279.665]",3.101951 +/- 2.592987,"[1.026384, 5.700767]",23.682 +/- 47.364,"[0.000, 71.045]",120.151 +/- 81.868,"[48.882, 191.421]",0.00 +/- 0.00,0,0,0
legacy-unlabeled,Hopper-v4 -> Walker2d-v4 -> Hopper-v4,20000,1,0,60.739,N/A,0.645400,N/A,33.372,N/A,67.684,N/A,3.00,1,2,0
