group,env,algo,steps,num_runs,seeds,final_avg10_mean_std,final_avg10_bootstrap95,best_avg10_mean_std,best_avg10_bootstrap95,auc_avg10_norm_mean_std,auc_avg10_norm_bootstrap95,mean_reset_rate_mean_std,mean_alpha_using_mean_std,mean_sps_mean_std,sbp_trigger_count_mean_std,event_trigger_total,force_trigger_total,periodic_trigger_total
alpha_ablation,Hopper-v4,P3O-dynamic,200000,1,0,77.970,N/A,197.200,N/A,111.040,N/A,0.01000,0.35180,2407.00,4.00,0,0,4
alpha_ablation,Hopper-v4,P3O-dynamic,300000,3,"0,1,2",91.506 +/- 40.922,"[33.639, 121.125]",189.652 +/- 9.055,"[179.806, 201.667]",92.773 +/- 8.179,"[81.473, 100.559]",0.01000 +/- 0.00000,0.31444 +/- 0.00437,1197.81 +/- 5.02,6.00 +/- 0.00,0,0,18
alpha_ablation,Hopper-v4,P3O-dynamic,500000,3,"0,1,2",61.686 +/- 45.398,"[20.846, 125.007]",221.055 +/- 22.933,"[192.552, 248.706]",103.931 +/- 10.338,"[95.626, 118.504]",0.01000 +/- 0.00000,0.36176 +/- 0.02681,2311.16 +/- 200.73,10.00 +/- 0.00,0,0,30
alpha_ablation,Hopper-v4,P3O-static,500000,2,"0,1",87.376 +/- 41.359,"[46.017, 128.735]",173.134 +/- 24.999,"[148.135, 198.133]",69.913 +/- 12.340,"[57.573, 82.253]",N/A,0.40000 +/- 0.00000,3223.51 +/- 5.09,10.00 +/- 0.00,0,0,20
alpha_ablation,Walker2d-v4,P3O-dynamic,500000,3,"0,1,2",85.240 +/- 41.806,"[26.122, 115.415]",144.747 +/- 79.486,"[39.303, 231.208]",24.895 +/- 34.955,"[-7.252, 73.490]",0.01000 +/- 0.00000,0.35319 +/- 0.03893,2328.50 +/- 232.78,10.00 +/- 0.00,0,0,30
alpha_ablation,Walker2d-v4,P3O-static,500000,2,"0,1",128.189 +/- 51.860,"[76.329, 180.048]",235.536 +/- 82.253,"[153.283, 317.789]",84.578 +/- 45.424,"[39.153, 130.002]",N/A,0.40000 +/- 0.00000,3113.70 +/- 49.71,10.00 +/- 0.00,0,0,20
closed_loop_breakthrough,HalfCheetah-v4,P3O-ClosedLoopAlpha,500000,5,"0,1,2,3,4",-839.173 +/- 39.472,"[-877.014, -803.905]",-614.581 +/- 32.044,"[-641.012, -587.855]",-779.359 +/- 9.673,"[-786.122, -770.256]",0.01337 +/- 0.00133,0.42249 +/- 0.00950,1989.33 +/- 60.38,14.80 +/- 4.87,64,10,0
closed_loop_breakthrough,HalfCheetah-v4,P3O-ClosedLoopFull,500000,6,"0,1,2,3,4,5",-1130.400 +/- 47.353,"[-1169.568, -1096.963]",-616.486 +/- 29.560,"[-637.931, -590.475]",-955.875 +/- 23.154,"[-976.416, -938.294]",0.01485 +/- 0.00106,0.46392 +/- 0.00660,2071.75 +/- 132.55,21.17 +/- 1.07,124,3,0
closed_loop_breakthrough,Hopper-v4,P3O-ClosedLoopAlpha,200000,1,0,90.403,N/A,215.038,N/A,112.371,N/A,0.01544,0.36794,2159.37,7.00,7,0,0
closed_loop_breakthrough,Hopper-v4,P3O-ClosedLoopAlpha,300000,3,"0,1,2",96.417 +/- 25.904,"[66.421, 129.628]",192.128 +/- 20.074,"[166.166, 215.056]",94.075 +/- 3.966,"[89.185, 98.898]",0.01579 +/- 0.00050,0.34816 +/- 0.00175,1311.81 +/- 27.62,12.00 +/- 0.00,36,0,0
closed_loop_breakthrough,Hopper-v4,P3O-ClosedLoopAlpha,500000,5,"0,1,2,3,4",135.312 +/- 28.457,"[110.118, 159.682]",224.211 +/- 60.135,"[182.570, 282.869]",104.590 +/- 15.044,"[92.380, 118.161]",0.01566 +/- 0.00078,0.31518 +/- 0.01181,1806.56 +/- 157.20,21.60 +/- 0.80,106,2,0
closed_loop_breakthrough,Hopper-v4,P3O-ClosedLoopFull,200000,1,0,89.860,N/A,206.562,N/A,99.340,N/A,0.01633,0.44541,2217.88,7.00,7,0,0
closed_loop_breakthrough,Hopper-v4,P3O-ClosedLoopFull,300000,3,"0,1,2",82.059 +/- 10.794,"[70.580, 96.513]",178.172 +/- 26.134,"[142.558, 204.535]",87.793 +/- 9.327,"[80.294, 100.940]",0.01729 +/- 0.00087,0.45611 +/- 0.00354,1490.59 +/- 224.03,12.00 +/- 0.00,36,0,0
closed_loop_breakthrough,Hopper-v4,P3O-ClosedLoopFull,500000,6,"0,1,2,3,4,5",133.440 +/- 42.199,"[98.637, 162.037]",264.554 +/- 138.730,"[182.053, 385.301]",114.537 +/- 34.132,"[90.455, 141.751]",0.01674 +/- 0.00144,0.46339 +/- 0.01066,1814.72 +/- 163.30,21.67 +/- 0.75,127,3,0
closed_loop_breakthrough,Walker2d-v4,P3O-ClosedLoopAlpha,500000,5,"0,1,2,3,4",144.513 +/- 44.697,"[114.636, 189.658]",319.764 +/- 39.588,"[284.974, 353.830]",97.450 +/- 39.992,"[66.620, 132.717]",0.01710 +/- 0.00049,0.40457 +/- 0.00513,1790.27 +/- 172.08,22.00 +/- 0.00,107,3,0
closed_loop_breakthrough,Walker2d-v4,P3O-ClosedLoopFull,500000,6,"0,1,2,3,4,5",81.668 +/- 87.720,"[20.736, 152.953]",208.068 +/- 138.050,"[102.284, 314.419]",68.525 +/- 74.764,"[14.214, 129.803]",0.01833 +/- 0.00105,0.44326 +/- 0.00206,1755.90 +/- 166.52,21.67 +/- 0.75,126,4,0
event_mechanism,HalfCheetah-v4,P3O-dyn+EvtSBP+AdaReset+HardDistill,500000,6,"0,1,2,3,4,5",-821.762 +/- 63.161,"[-873.556, -771.110]",-616.486 +/- 29.560,"[-637.931, -590.475]",-763.698 +/- 31.211,"[-790.115, -739.303]",0.01338 +/- 0.00076,0.35267 +/- 0.02470,2232.21 +/- 241.57,14.83 +/- 3.89,77,12,0
event_mechanism,Hopper-v4,P3O-dyn+EvtSBP+AdaReset+HardDistill,200000,1,0,183.322,N/A,229.418,N/A,119.812,N/A,0.01559,0.27447,823.95,7.00,7,0,0
event_mechanism,Hopper-v4,P3O-dyn+EvtSBP+AdaReset+HardDistill,300000,3,"0,1,2",123.665 +/- 24.808,"[99.481, 157.769]",189.042 +/- 28.983,"[149.875, 219.090]",90.144 +/- 16.169,"[73.720, 112.135]",0.01591 +/- 0.00059,0.29772 +/- 0.00609,1277.22 +/- 5.11,12.00 +/- 0.00,36,0,0
event_mechanism,Hopper-v4,P3O-dyn+EvtSBP+AdaReset+HardDistill,500000,6,"0,1,2,3,4,5",135.142 +/- 42.515,"[103.165, 169.694]",210.774 +/- 62.915,"[166.636, 263.486]",96.675 +/- 20.361,"[81.163, 112.343]",0.01555 +/- 0.00103,0.31036 +/- 0.00656,1794.99 +/- 161.89,21.17 +/- 1.86,124,3,0
event_mechanism,Walker2d-v4,P3O-dyn+EvtSBP+AdaReset+HardDistill,500000,6,"0,1,2,3,4,5",104.956 +/- 39.642,"[74.634, 135.378]",284.447 +/- 58.049,"[244.577, 330.309]",93.017 +/- 34.649,"[65.707, 118.953]",0.01710 +/- 0.00051,0.27351 +/- 0.00239,1915.87 +/- 211.62,21.83 +/- 0.37,127,4,0
extra_innovation,Hopper-v4,P3O-dyn+AdaReset,200000,1,0,128.134,N/A,219.294,N/A,113.772,N/A,0.01342,0.35180,2538.65,4.00,0,0,4
extra_innovation,Hopper-v4,P3O-dyn+AdaReset,300000,3,"0,1,2",101.812 +/- 39.470,"[46.112, 132.808]",187.703 +/- 38.484,"[134.532, 224.346]",86.864 +/- 23.113,"[64.756, 118.768]",0.01509 +/- 0.00066,0.31168 +/- 0.00245,1237.34 +/- 36.51,6.00 +/- 0.00,0,0,18
extra_innovation,Hopper-v4,P3O-dyn+AdaReset,500000,3,"0,1,2",168.837 +/- 27.179,"[130.407, 188.652]",220.999 +/- 19.405,"[194.120, 239.230]",100.468 +/- 17.660,"[75.792, 116.147]",0.01468 +/- 0.00100,0.35926 +/- 0.03035,2289.80 +/- 172.83,10.00 +/- 0.00,0,0,30
extra_innovation,Hopper-v4,P3O-dyn+AdaReset+HardDistill,200000,1,0,77.214,N/A,180.746,N/A,93.711,N/A,0.01490,0.30172,1081.41,4.00,0,0,4
extra_innovation,Hopper-v4,P3O-dyn+AdaReset+HardDistill,300000,3,"0,1,2",136.471 +/- 39.720,"[85.398, 182.261]",210.338 +/- 16.460,"[187.508, 225.691]",95.302 +/- 6.902,"[86.005, 102.526]",0.01533 +/- 0.00053,0.31214 +/- 0.00573,1306.85 +/- 0.17,6.00 +/- 0.00,0,0,18
extra_innovation,Hopper-v4,P3O-dyn+AdaReset+HardDistill,500000,3,"0,1,2",80.937 +/- 39.302,"[49.416, 136.344]",218.597 +/- 49.101,"[158.205, 278.473]",93.168 +/- 25.036,"[75.393, 128.573]",0.01446 +/- 0.00100,0.36026 +/- 0.02894,2267.06 +/- 164.42,10.00 +/- 0.00,0,0,30
extra_innovation,Hopper-v4,P3O-dyn+HardDistill,300000,3,"0,1,2",110.927 +/- 33.103,"[65.971, 144.714]",157.256 +/- 32.957,"[116.340, 197.044]",69.432 +/- 7.818,"[58.643, 76.919]",0.01000 +/- 0.00000,0.31191 +/- 0.00239,1271.17 +/- 15.22,6.00 +/- 0.00,0,0,18
extra_innovation,Hopper-v4,P3O-dyn+HardDistill,500000,3,"0,1,2",57.012 +/- 14.805,"[36.948, 72.225]",207.085 +/- 17.589,"[188.828, 230.844]",93.178 +/- 15.668,"[79.840, 115.170]",0.01000 +/- 0.00000,0.35918 +/- 0.03047,1494.26 +/- 383.55,10.00 +/- 0.00,0,0,30
extra_innovation,Walker2d-v4,P3O-dyn+AdaReset,500000,3,"0,1,2",149.185 +/- 81.052,"[34.651, 210.417]",298.666 +/- 41.707,"[241.926, 340.989]",65.603 +/- 29.517,"[26.804, 98.338]",0.01428 +/- 0.00149,0.35311 +/- 0.03904,2302.54 +/- 205.55,10.00 +/- 0.00,0,0,30
extra_innovation,Walker2d-v4,P3O-dyn+AdaReset+HardDistill,500000,3,"0,1,2",167.900 +/- 67.284,"[105.198, 261.236]",331.344 +/- 28.622,"[297.829, 367.758]",75.259 +/- 40.988,"[17.363, 106.666]",0.01407 +/- 0.00167,0.35203 +/- 0.04057,2333.43 +/- 217.92,10.00 +/- 0.00,0,0,30
extra_innovation,Walker2d-v4,P3O-dyn+HardDistill,500000,3,"0,1,2",213.376 +/- 102.786,"[75.324, 321.819]",308.507 +/- 67.200,"[217.251, 377.112]",97.104 +/- 52.083,"[46.719, 168.826]",0.01000 +/- 0.00000,0.35284 +/- 0.03942,1663.63 +/- 333.29,10.00 +/- 0.00,0,0,30
main,HalfCheetah-v4,P3O,500000,5,"0,1,2,3,4",-828.853 +/- 27.532,"[-855.344, -807.370]",-614.581 +/- 32.044,"[-641.012, -587.855]",-786.581 +/- 14.002,"[-798.404, -772.791]",N/A,0.38072 +/- 0.00000,3967.42 +/- 120.18,10.00 +/- 0.00,0,0,50
main,HalfCheetah-v4,PPO,500000,5,"0,1,2,3,4",-813.114 +/- 34.886,"[-845.060, -784.681]",-614.581 +/- 32.044,"[-641.012, -587.855]",-781.471 +/- 18.598,"[-796.423, -765.546]",N/A,N/A,3863.06 +/- 515.06,0.00 +/- 0.00,0,0,0
main,HalfCheetah-v4,PPO+Cycle,500000,5,"0,1,2,3,4",-822.225 +/- 44.647,"[-866.102, -786.324]",-614.137 +/- 31.440,"[-639.679, -587.855]",-767.891 +/- 23.376,"[-787.795, -747.979]",N/A,0.40000 +/- 0.00000,3970.22 +/- 393.93,10.00 +/- 0.00,0,0,50
main,Hopper-v4,P3O,200000,1,0,15.908,N/A,282.794,N/A,119.164,N/A,N/A,0.35180,1287.35,4.00,0,0,4
main,Hopper-v4,P3O,500000,5,"0,1,2,3,4",105.175 +/- 38.214,"[73.724, 139.988]",281.869 +/- 104.387,"[204.797, 388.914]",121.512 +/- 38.616,"[92.217, 159.843]",N/A,0.38072 +/- 0.00000,3035.18 +/- 310.04,10.00 +/- 0.00,0,0,50
main,Hopper-v4,PPO,200000,1,0,106.874,N/A,238.112,N/A,105.851,N/A,N/A,N/A,1360.52,0.00,0,0,0
main,Hopper-v4,PPO,500000,5,"0,1,2,3,4",187.927 +/- 94.684,"[122.503, 272.505]",330.255 +/- 116.408,"[228.758, 428.270]",125.358 +/- 20.200,"[105.892, 142.402]",N/A,N/A,3008.01 +/- 426.71,0.00 +/- 0.00,0,0,0
main,Hopper-v4,PPO,3000000,1,0,161.813,N/A,168.024,N/A,64.585,N/A,N/A,N/A,1231.18,0.00,0,0,0
main,Hopper-v4,PPO+Cycle,200000,1,0,195.263,N/A,225.448,N/A,91.921,N/A,N/A,0.40000,1387.25,4.00,0,0,4
main,Hopper-v4,PPO+Cycle,500000,5,"0,1,2,3,4",173.584 +/- 87.965,"[103.236, 255.708]",364.361 +/- 193.183,"[246.931, 561.608]",135.122 +/- 53.339,"[94.297, 185.242]",N/A,0.40000 +/- 0.00000,3098.37 +/- 524.62,10.00 +/- 0.00,0,0,50
main,Walker2d-v4,P3O,500000,5,"0,1,2,3,4",165.307 +/- 94.902,"[78.510, 244.117]",276.324 +/- 124.146,"[160.685, 367.966]",107.313 +/- 74.182,"[41.575, 170.604]",N/A,0.38072 +/- 0.00000,2985.18 +/- 282.33,10.00 +/- 0.00,0,0,50
main,Walker2d-v4,PPO,500000,5,"0,1,2,3,4",159.471 +/- 108.134,"[56.769, 244.881]",292.483 +/- 151.377,"[151.391, 411.793]",107.908 +/- 76.406,"[41.459, 174.358]",N/A,N/A,2860.07 +/- 372.57,0.00 +/- 0.00,0,0,0
main,Walker2d-v4,PPO+Cycle,500000,5,"0,1,2,3,4",145.460 +/- 66.353,"[88.914, 202.006]",289.154 +/- 110.565,"[196.266, 382.041]",94.454 +/- 72.367,"[33.153, 155.755]",N/A,0.40000 +/- 0.00000,3163.21 +/- 431.10,10.00 +/- 0.00,0,0,50
