run_index,group,env,algo,seed,steps,run_dir
R001,alpha_ablation,Hopper-v4,P3O-dynamic,0,200000,C:\Users\33277\Desktop\p3o_runs\Hopper-v4_P3O-dynamic_seed0_steps200000
R002,alpha_ablation,Hopper-v4,P3O-dynamic,0,500000,C:\Users\33277\Desktop\p3o_runs\Hopper-v4_P3O-dynamic_seed0_steps500000
R003,alpha_ablation,Hopper-v4,P3O-dynamic,1,500000,C:\Users\33277\Desktop\p3o_runs\Hopper-v4_P3O-dynamic_seed1_steps500000
R004,alpha_ablation,Hopper-v4,P3O-static,0,500000,C:\Users\33277\Desktop\p3o_runs\Hopper-v4_P3O-static_seed0_steps500000
R005,alpha_ablation,Hopper-v4,P3O-static,1,500000,C:\Users\33277\Desktop\p3o_runs\Hopper-v4_P3O-static_seed1_steps500000
R006,alpha_ablation,Walker2d-v4,P3O-dynamic,0,500000,C:\Users\33277\Desktop\p3o_runs\Walker2d-v4_P3O-dynamic_seed0_steps500000
R007,alpha_ablation,Walker2d-v4,P3O-dynamic,1,500000,C:\Users\33277\Desktop\p3o_runs\Walker2d-v4_P3O-dynamic_seed1_steps500000
R008,alpha_ablation,Walker2d-v4,P3O-static,0,500000,C:\Users\33277\Desktop\p3o_runs\Walker2d-v4_P3O-static_seed0_steps500000
R009,alpha_ablation,Walker2d-v4,P3O-static,1,500000,C:\Users\33277\Desktop\p3o_runs\Walker2d-v4_P3O-static_seed1_steps500000
R010,closed_loop_breakthrough,Hopper-v4,P3O-ClosedLoopAlpha,0,200000,C:\Users\33277\Desktop\p3o_runs\Hopper-v4_P3O-ClosedLoopAlpha_seed0_steps200000
R011,closed_loop_breakthrough,Hopper-v4,P3O-ClosedLoopFull,0,200000,C:\Users\33277\Desktop\p3o_runs\Hopper-v4_P3O-ClosedLoopFull_seed0_steps200000
R012,event_mechanism,Hopper-v4,P3O-dyn+EvtSBP+AdaReset+HardDistill,0,200000,C:\Users\33277\Desktop\p3o_runs\Hopper-v4_P3O-dyn+EvtSBP+AdaReset+HardDistill_seed0_steps200000
R013,extra_innovation,Hopper-v4,P3O-dyn+AdaReset,0,200000,C:\Users\33277\Desktop\p3o_runs\Hopper-v4_P3O-dyn+AdaReset_seed0_steps200000
R014,extra_innovation,Hopper-v4,P3O-dyn+AdaReset,0,500000,C:\Users\33277\Desktop\p3o_runs\Hopper-v4_P3O-dyn+AdaReset_seed0_steps500000
R015,extra_innovation,Hopper-v4,P3O-dyn+AdaReset,1,500000,C:\Users\33277\Desktop\p3o_runs\Hopper-v4_P3O-dyn+AdaReset_seed1_steps500000
R016,extra_innovation,Hopper-v4,P3O-dyn+AdaReset+HardDistill,0,200000,C:\Users\33277\Desktop\p3o_runs\Hopper-v4_P3O-dyn+AdaReset+HardDistill_seed0_steps200000
R017,extra_innovation,Hopper-v4,P3O-dyn+AdaReset+HardDistill,0,500000,C:\Users\33277\Desktop\p3o_runs\Hopper-v4_P3O-dyn+AdaReset+HardDistill_seed0_steps500000
R018,extra_innovation,Hopper-v4,P3O-dyn+AdaReset+HardDistill,1,500000,C:\Users\33277\Desktop\p3o_runs\Hopper-v4_P3O-dyn+AdaReset+HardDistill_seed1_steps500000
R019,extra_innovation,Hopper-v4,P3O-dyn+HardDistill,0,500000,C:\Users\33277\Desktop\p3o_runs\Hopper-v4_P3O-dyn+HardDistill_seed0_steps500000
R020,extra_innovation,Hopper-v4,P3O-dyn+HardDistill,1,500000,C:\Users\33277\Desktop\p3o_runs\Hopper-v4_P3O-dyn+HardDistill_seed1_steps500000
R021,extra_innovation,Walker2d-v4,P3O-dyn+AdaReset,0,500000,C:\Users\33277\Desktop\p3o_runs\Walker2d-v4_P3O-dyn+AdaReset_seed0_steps500000
R022,extra_innovation,Walker2d-v4,P3O-dyn+AdaReset,1,500000,C:\Users\33277\Desktop\p3o_runs\Walker2d-v4_P3O-dyn+AdaReset_seed1_steps500000
R023,extra_innovation,Walker2d-v4,P3O-dyn+AdaReset+HardDistill,0,500000,C:\Users\33277\Desktop\p3o_runs\Walker2d-v4_P3O-dyn+AdaReset+HardDistill_seed0_steps500000
R024,extra_innovation,Walker2d-v4,P3O-dyn+AdaReset+HardDistill,1,500000,C:\Users\33277\Desktop\p3o_runs\Walker2d-v4_P3O-dyn+AdaReset+HardDistill_seed1_steps500000
R025,extra_innovation,Walker2d-v4,P3O-dyn+HardDistill,0,500000,C:\Users\33277\Desktop\p3o_runs\Walker2d-v4_P3O-dyn+HardDistill_seed0_steps500000
R026,extra_innovation,Walker2d-v4,P3O-dyn+HardDistill,1,500000,C:\Users\33277\Desktop\p3o_runs\Walker2d-v4_P3O-dyn+HardDistill_seed1_steps500000
R027,main,Hopper-v4,P3O,0,200000,C:\Users\33277\Desktop\p3o_runs\Hopper-v4_P3O_seed0_steps200000
R028,main,Hopper-v4,PPO,0,200000,C:\Users\33277\Desktop\p3o_runs\Hopper-v4_PPO_seed0_steps200000
R029,main,Hopper-v4,PPO,0,500000,C:\Users\33277\Desktop\p3o_runs\Hopper-v4_PPO_seed0_steps500000
R030,main,Hopper-v4,PPO,0,3000000,C:\Users\33277\Desktop\p3o_runs\Hopper-v4_PPO_seed0_steps3000000
R031,main,Hopper-v4,PPO,1,500000,C:\Users\33277\Desktop\p3o_runs\Hopper-v4_PPO_seed1_steps500000
R032,main,Hopper-v4,PPO+Cycle,0,200000,C:\Users\33277\Desktop\p3o_runs\Hopper-v4_PPO+Cycle_seed0_steps200000
R033,main,Hopper-v4,PPO+Cycle,0,500000,C:\Users\33277\Desktop\p3o_runs\Hopper-v4_PPO+Cycle_seed0_steps500000
R034,main,Hopper-v4,PPO+Cycle,1,500000,C:\Users\33277\Desktop\p3o_runs\Hopper-v4_PPO+Cycle_seed1_steps500000
R035,main,Walker2d-v4,PPO,0,500000,C:\Users\33277\Desktop\p3o_runs\Walker2d-v4_PPO_seed0_steps500000
R036,main,Walker2d-v4,PPO,1,500000,C:\Users\33277\Desktop\p3o_runs\Walker2d-v4_PPO_seed1_steps500000
R037,main,Walker2d-v4,PPO+Cycle,0,500000,C:\Users\33277\Desktop\p3o_runs\Walker2d-v4_PPO+Cycle_seed0_steps500000
R038,main,Walker2d-v4,PPO+Cycle,1,500000,C:\Users\33277\Desktop\p3o_runs\Walker2d-v4_PPO+Cycle_seed1_steps500000
