run_index,group,env,algo,seed,steps,final_avg10_reward,best_avg10_reward,mean_reset_rate,mean_alpha_using,sbp_trigger_count,event_trigger_count,force_trigger_count,periodic_trigger_count,mean_sps,last_logged_step,run_dir_name
R001,alpha_ablation,Hopper-v4,P3O-dynamic,0,200000,77.970,197.200,0.01000,0.35180,4,0,0,4,2407.00,200000,Hopper-v4_P3O-dynamic_seed0_steps200000
R002,alpha_ablation,Hopper-v4,P3O-dynamic,0,500000,20.846,248.706,0.01000,0.38072,10,0,0,10,2456.62,500000,Hopper-v4_P3O-dynamic_seed0_steps500000
R003,alpha_ablation,Hopper-v4,P3O-dynamic,1,500000,39.205,192.552,0.01000,0.38072,10,0,0,10,2449.54,500000,Hopper-v4_P3O-dynamic_seed1_steps500000
R004,alpha_ablation,Hopper-v4,P3O-static,0,500000,128.735,198.133,N/A,0.40000,10,0,0,10,3228.60,500000,Hopper-v4_P3O-static_seed0_steps500000
R005,alpha_ablation,Hopper-v4,P3O-static,1,500000,46.017,148.135,N/A,0.40000,10,0,0,10,3218.42,500000,Hopper-v4_P3O-static_seed1_steps500000
R006,alpha_ablation,Walker2d-v4,P3O-dynamic,0,500000,114.183,231.208,0.01000,0.38072,10,0,0,10,2484.08,500000,Walker2d-v4_P3O-dynamic_seed0_steps500000
R007,alpha_ablation,Walker2d-v4,P3O-dynamic,1,500000,115.415,163.729,0.01000,0.38072,10,0,0,10,2501.95,500000,Walker2d-v4_P3O-dynamic_seed1_steps500000
R008,alpha_ablation,Walker2d-v4,P3O-static,0,500000,76.329,153.283,N/A,0.40000,10,0,0,10,3063.99,500000,Walker2d-v4_P3O-static_seed0_steps500000
R009,alpha_ablation,Walker2d-v4,P3O-static,1,500000,180.048,317.789,N/A,0.40000,10,0,0,10,3163.41,500000,Walker2d-v4_P3O-static_seed1_steps500000
R010,closed_loop_breakthrough,Hopper-v4,P3O-ClosedLoopAlpha,0,200000,90.403,215.038,0.01544,0.36794,7,7,0,0,2159.37,200000,Hopper-v4_P3O-ClosedLoopAlpha_seed0_steps200000
R011,closed_loop_breakthrough,Hopper-v4,P3O-ClosedLoopFull,0,200000,89.860,206.562,0.01633,0.44541,7,7,0,0,2217.88,200000,Hopper-v4_P3O-ClosedLoopFull_seed0_steps200000
R012,event_mechanism,Hopper-v4,P3O-dyn+EvtSBP+AdaReset+HardDistill,0,200000,183.322,229.418,0.01559,0.27447,7,7,0,0,823.95,200000,Hopper-v4_P3O-dyn+EvtSBP+AdaReset+HardDistill_seed0_steps200000
R013,extra_innovation,Hopper-v4,P3O-dyn+AdaReset,0,200000,128.134,219.294,0.01342,0.35180,4,0,0,4,2538.65,200000,Hopper-v4_P3O-dyn+AdaReset_seed0_steps200000
R014,extra_innovation,Hopper-v4,P3O-dyn+AdaReset,0,500000,188.652,239.230,0.01357,0.38072,10,0,0,10,2449.49,500000,Hopper-v4_P3O-dyn+AdaReset_seed0_steps500000
R015,extra_innovation,Hopper-v4,P3O-dyn+AdaReset,1,500000,130.407,194.120,0.01448,0.38072,10,0,0,10,2370.20,500000,Hopper-v4_P3O-dyn+AdaReset_seed1_steps500000
R016,extra_innovation,Hopper-v4,P3O-dyn+AdaReset+HardDistill,0,200000,77.214,180.746,0.01490,0.30172,4,0,0,4,1081.41,200000,Hopper-v4_P3O-dyn+AdaReset+HardDistill_seed0_steps200000
R017,extra_innovation,Hopper-v4,P3O-dyn+AdaReset+HardDistill,0,500000,136.344,219.114,0.01366,0.38072,10,0,0,10,2369.06,500000,Hopper-v4_P3O-dyn+AdaReset+HardDistill_seed0_steps500000
R018,extra_innovation,Hopper-v4,P3O-dyn+AdaReset+HardDistill,1,500000,49.416,278.473,0.01386,0.38072,10,0,0,10,2397.03,500000,Hopper-v4_P3O-dyn+AdaReset+HardDistill_seed1_steps500000
R019,extra_innovation,Hopper-v4,P3O-dyn+HardDistill,0,500000,36.948,230.844,0.01000,0.38072,10,0,0,10,1107.42,500000,Hopper-v4_P3O-dyn+HardDistill_seed0_steps500000
R020,extra_innovation,Hopper-v4,P3O-dyn+HardDistill,1,500000,72.225,201.583,0.01000,0.38072,10,0,0,10,1358.38,500000,Hopper-v4_P3O-dyn+HardDistill_seed1_steps500000
R021,extra_innovation,Walker2d-v4,P3O-dyn+AdaReset,0,500000,34.651,241.926,0.01353,0.38072,10,0,0,10,2517.58,500000,Walker2d-v4_P3O-dyn+AdaReset_seed0_steps500000
R022,extra_innovation,Walker2d-v4,P3O-dyn+AdaReset,1,500000,210.417,313.082,0.01296,0.38072,10,0,0,10,2364.40,500000,Walker2d-v4_P3O-dyn+AdaReset_seed1_steps500000
R023,extra_innovation,Walker2d-v4,P3O-dyn+AdaReset+HardDistill,0,500000,137.266,297.829,0.01382,0.38072,10,0,0,10,2530.15,500000,Walker2d-v4_P3O-dyn+AdaReset+HardDistill_seed0_steps500000
R024,extra_innovation,Walker2d-v4,P3O-dyn+AdaReset+HardDistill,1,500000,105.198,328.445,0.01216,0.38072,10,0,0,10,2440.52,500000,Walker2d-v4_P3O-dyn+AdaReset+HardDistill_seed1_steps500000
R025,extra_innovation,Walker2d-v4,P3O-dyn+HardDistill,0,500000,75.324,217.251,0.01000,0.38072,10,0,0,10,1784.80,500000,Walker2d-v4_P3O-dyn+HardDistill_seed0_steps500000
R026,extra_innovation,Walker2d-v4,P3O-dyn+HardDistill,1,500000,321.819,331.157,0.01000,0.38072,10,0,0,10,1208.56,500000,Walker2d-v4_P3O-dyn+HardDistill_seed1_steps500000
R027,main,Hopper-v4,P3O,0,200000,15.908,282.794,N/A,0.35180,4,0,0,4,1287.35,200000,Hopper-v4_P3O_seed0_steps200000
R028,main,Hopper-v4,PPO,0,200000,106.874,238.112,N/A,N/A,0,0,0,0,1360.52,200000,Hopper-v4_PPO_seed0_steps200000
R029,main,Hopper-v4,PPO,0,500000,121.621,231.323,N/A,N/A,0,0,0,0,3456.38,500000,Hopper-v4_PPO_seed0_steps500000
R030,main,Hopper-v4,PPO,0,3000000,161.813,168.024,N/A,N/A,0,0,0,0,1231.18,270157,Hopper-v4_PPO_seed0_steps3000000
R031,main,Hopper-v4,PPO,1,500000,116.737,366.752,N/A,N/A,0,0,0,0,3321.29,500000,Hopper-v4_PPO_seed1_steps500000
R032,main,Hopper-v4,PPO+Cycle,0,200000,195.263,225.448,N/A,0.40000,4,0,0,4,1387.25,200000,Hopper-v4_PPO+Cycle_seed0_steps200000
R033,main,Hopper-v4,PPO+Cycle,0,500000,97.781,257.463,N/A,0.40000,10,0,0,10,3585.80,500000,Hopper-v4_PPO+Cycle_seed0_steps500000
R034,main,Hopper-v4,PPO+Cycle,1,500000,88.035,245.811,N/A,0.40000,10,0,0,10,3643.88,500000,Hopper-v4_PPO+Cycle_seed1_steps500000
R035,main,Walker2d-v4,PPO,0,500000,-11.790,55.705,N/A,N/A,0,0,0,0,3123.06,500000,Walker2d-v4_PPO_seed0_steps500000
R036,main,Walker2d-v4,PPO,1,500000,74.668,175.808,N/A,N/A,0,0,0,0,3096.78,500000,Walker2d-v4_PPO_seed1_steps500000
R037,main,Walker2d-v4,PPO+Cycle,0,500000,125.778,187.466,N/A,0.40000,10,0,0,10,3639.91,500000,Walker2d-v4_PPO+Cycle_seed0_steps500000
R038,main,Walker2d-v4,PPO+Cycle,1,500000,65.538,238.690,N/A,0.40000,10,0,0,10,3585.21,500000,Walker2d-v4_PPO+Cycle_seed1_steps500000
