name,log_path,command
main_seedext_P3O-dyn+EvtSBP+AdaReset+HardDistill_Hopper-v4_seed3,C:\Users\33277\pythonProject11111111\campaign_logs\workspace_main_seedext_20260324_150843\main_seedext_P3O-dyn_EvtSBP_AdaReset_HardDistill_Hopper-v4_seed3.log,C:\Users\33277\AppData\Local\Programs\Python\Python311\python.exe run_p3o_extra_innovations.py --only-algo P3O-dyn+EvtSBP+AdaReset+HardDistill --env Hopper-v4 --seed 3 --steps 500000 --runs-dir C:\Users\33277\pythonProject11111111\workspace_runs
main_seedext_P3O-dyn+EvtSBP+AdaReset+HardDistill_Hopper-v4_seed4,C:\Users\33277\pythonProject11111111\campaign_logs\workspace_main_seedext_20260324_150843\main_seedext_P3O-dyn_EvtSBP_AdaReset_HardDistill_Hopper-v4_seed4.log,C:\Users\33277\AppData\Local\Programs\Python\Python311\python.exe run_p3o_extra_innovations.py --only-algo P3O-dyn+EvtSBP+AdaReset+HardDistill --env Hopper-v4 --seed 4 --steps 500000 --runs-dir C:\Users\33277\pythonProject11111111\workspace_runs
main_seedext_P3O-dyn+EvtSBP+AdaReset+HardDistill_Hopper-v4_seed5,C:\Users\33277\pythonProject11111111\campaign_logs\workspace_main_seedext_20260324_150843\main_seedext_P3O-dyn_EvtSBP_AdaReset_HardDistill_Hopper-v4_seed5.log,C:\Users\33277\AppData\Local\Programs\Python\Python311\python.exe run_p3o_extra_innovations.py --only-algo P3O-dyn+EvtSBP+AdaReset+HardDistill --env Hopper-v4 --seed 5 --steps 500000 --runs-dir C:\Users\33277\pythonProject11111111\workspace_runs
main_seedext_P3O-dyn+EvtSBP+AdaReset+HardDistill_Walker2d-v4_seed3,C:\Users\33277\pythonProject11111111\campaign_logs\workspace_main_seedext_20260324_150843\main_seedext_P3O-dyn_EvtSBP_AdaReset_HardDistill_Walker2d-v4_seed3.log,C:\Users\33277\AppData\Local\Programs\Python\Python311\python.exe run_p3o_extra_innovations.py --only-algo P3O-dyn+EvtSBP+AdaReset+HardDistill --env Walker2d-v4 --seed 3 --steps 500000 --runs-dir C:\Users\33277\pythonProject11111111\workspace_runs
main_seedext_P3O-dyn+EvtSBP+AdaReset+HardDistill_Walker2d-v4_seed4,C:\Users\33277\pythonProject11111111\campaign_logs\workspace_main_seedext_20260324_150843\main_seedext_P3O-dyn_EvtSBP_AdaReset_HardDistill_Walker2d-v4_seed4.log,C:\Users\33277\AppData\Local\Programs\Python\Python311\python.exe run_p3o_extra_innovations.py --only-algo P3O-dyn+EvtSBP+AdaReset+HardDistill --env Walker2d-v4 --seed 4 --steps 500000 --runs-dir C:\Users\33277\pythonProject11111111\workspace_runs
main_seedext_P3O-dyn+EvtSBP+AdaReset+HardDistill_Walker2d-v4_seed5,C:\Users\33277\pythonProject11111111\campaign_logs\workspace_main_seedext_20260324_150843\main_seedext_P3O-dyn_EvtSBP_AdaReset_HardDistill_Walker2d-v4_seed5.log,C:\Users\33277\AppData\Local\Programs\Python\Python311\python.exe run_p3o_extra_innovations.py --only-algo P3O-dyn+EvtSBP+AdaReset+HardDistill --env Walker2d-v4 --seed 5 --steps 500000 --runs-dir C:\Users\33277\pythonProject11111111\workspace_runs
main_seedext_P3O-dyn+EvtSBP+AdaReset+HardDistill_HalfCheetah-v4_seed3,C:\Users\33277\pythonProject11111111\campaign_logs\workspace_main_seedext_20260324_150843\main_seedext_P3O-dyn_EvtSBP_AdaReset_HardDistill_HalfCheetah-v4_seed3.log,C:\Users\33277\AppData\Local\Programs\Python\Python311\python.exe run_p3o_extra_innovations.py --only-algo P3O-dyn+EvtSBP+AdaReset+HardDistill --env HalfCheetah-v4 --seed 3 --steps 500000 --runs-dir C:\Users\33277\pythonProject11111111\workspace_runs
main_seedext_P3O-dyn+EvtSBP+AdaReset+HardDistill_HalfCheetah-v4_seed4,C:\Users\33277\pythonProject11111111\campaign_logs\workspace_main_seedext_20260324_150843\main_seedext_P3O-dyn_EvtSBP_AdaReset_HardDistill_HalfCheetah-v4_seed4.log,C:\Users\33277\AppData\Local\Programs\Python\Python311\python.exe run_p3o_extra_innovations.py --only-algo P3O-dyn+EvtSBP+AdaReset+HardDistill --env HalfCheetah-v4 --seed 4 --steps 500000 --runs-dir C:\Users\33277\pythonProject11111111\workspace_runs
main_seedext_P3O-dyn+EvtSBP+AdaReset+HardDistill_HalfCheetah-v4_seed5,C:\Users\33277\pythonProject11111111\campaign_logs\workspace_main_seedext_20260324_150843\main_seedext_P3O-dyn_EvtSBP_AdaReset_HardDistill_HalfCheetah-v4_seed5.log,C:\Users\33277\AppData\Local\Programs\Python\Python311\python.exe run_p3o_extra_innovations.py --only-algo P3O-dyn+EvtSBP+AdaReset+HardDistill --env HalfCheetah-v4 --seed 5 --steps 500000 --runs-dir C:\Users\33277\pythonProject11111111\workspace_runs
main_seedext_P3O-ClosedLoopFull_Hopper-v4_seed3,C:\Users\33277\pythonProject11111111\campaign_logs\workspace_main_seedext_20260324_150843\main_seedext_P3O-ClosedLoopFull_Hopper-v4_seed3.log,C:\Users\33277\AppData\Local\Programs\Python\Python311\python.exe run_p3o_extra_innovations.py --only-algo P3O-ClosedLoopFull --env Hopper-v4 --seed 3 --steps 500000 --runs-dir C:\Users\33277\pythonProject11111111\workspace_runs
main_seedext_P3O-ClosedLoopFull_Hopper-v4_seed4,C:\Users\33277\pythonProject11111111\campaign_logs\workspace_main_seedext_20260324_150843\main_seedext_P3O-ClosedLoopFull_Hopper-v4_seed4.log,C:\Users\33277\AppData\Local\Programs\Python\Python311\python.exe run_p3o_extra_innovations.py --only-algo P3O-ClosedLoopFull --env Hopper-v4 --seed 4 --steps 500000 --runs-dir C:\Users\33277\pythonProject11111111\workspace_runs
main_seedext_P3O-ClosedLoopFull_Hopper-v4_seed5,C:\Users\33277\pythonProject11111111\campaign_logs\workspace_main_seedext_20260324_150843\main_seedext_P3O-ClosedLoopFull_Hopper-v4_seed5.log,C:\Users\33277\AppData\Local\Programs\Python\Python311\python.exe run_p3o_extra_innovations.py --only-algo P3O-ClosedLoopFull --env Hopper-v4 --seed 5 --steps 500000 --runs-dir C:\Users\33277\pythonProject11111111\workspace_runs
main_seedext_P3O-ClosedLoopFull_Walker2d-v4_seed3,C:\Users\33277\pythonProject11111111\campaign_logs\workspace_main_seedext_20260324_150843\main_seedext_P3O-ClosedLoopFull_Walker2d-v4_seed3.log,C:\Users\33277\AppData\Local\Programs\Python\Python311\python.exe run_p3o_extra_innovations.py --only-algo P3O-ClosedLoopFull --env Walker2d-v4 --seed 3 --steps 500000 --runs-dir C:\Users\33277\pythonProject11111111\workspace_runs
main_seedext_P3O-ClosedLoopFull_Walker2d-v4_seed4,C:\Users\33277\pythonProject11111111\campaign_logs\workspace_main_seedext_20260324_150843\main_seedext_P3O-ClosedLoopFull_Walker2d-v4_seed4.log,C:\Users\33277\AppData\Local\Programs\Python\Python311\python.exe run_p3o_extra_innovations.py --only-algo P3O-ClosedLoopFull --env Walker2d-v4 --seed 4 --steps 500000 --runs-dir C:\Users\33277\pythonProject11111111\workspace_runs
main_seedext_P3O-ClosedLoopFull_Walker2d-v4_seed5,C:\Users\33277\pythonProject11111111\campaign_logs\workspace_main_seedext_20260324_150843\main_seedext_P3O-ClosedLoopFull_Walker2d-v4_seed5.log,C:\Users\33277\AppData\Local\Programs\Python\Python311\python.exe run_p3o_extra_innovations.py --only-algo P3O-ClosedLoopFull --env Walker2d-v4 --seed 5 --steps 500000 --runs-dir C:\Users\33277\pythonProject11111111\workspace_runs
main_seedext_P3O-ClosedLoopFull_HalfCheetah-v4_seed3,C:\Users\33277\pythonProject11111111\campaign_logs\workspace_main_seedext_20260324_150843\main_seedext_P3O-ClosedLoopFull_HalfCheetah-v4_seed3.log,C:\Users\33277\AppData\Local\Programs\Python\Python311\python.exe run_p3o_extra_innovations.py --only-algo P3O-ClosedLoopFull --env HalfCheetah-v4 --seed 3 --steps 500000 --runs-dir C:\Users\33277\pythonProject11111111\workspace_runs
main_seedext_P3O-ClosedLoopFull_HalfCheetah-v4_seed4,C:\Users\33277\pythonProject11111111\campaign_logs\workspace_main_seedext_20260324_150843\main_seedext_P3O-ClosedLoopFull_HalfCheetah-v4_seed4.log,C:\Users\33277\AppData\Local\Programs\Python\Python311\python.exe run_p3o_extra_innovations.py --only-algo P3O-ClosedLoopFull --env HalfCheetah-v4 --seed 4 --steps 500000 --runs-dir C:\Users\33277\pythonProject11111111\workspace_runs
main_seedext_P3O-ClosedLoopFull_HalfCheetah-v4_seed5,C:\Users\33277\pythonProject11111111\campaign_logs\workspace_main_seedext_20260324_150843\main_seedext_P3O-ClosedLoopFull_HalfCheetah-v4_seed5.log,C:\Users\33277\AppData\Local\Programs\Python\Python311\python.exe run_p3o_extra_innovations.py --only-algo P3O-ClosedLoopFull --env HalfCheetah-v4 --seed 5 --steps 500000 --runs-dir C:\Users\33277\pythonProject11111111\workspace_runs
